SequenceID	Accession	GenBankName	Strain	Region	Year	Country	IslandGroup	Region	Province	Municipality	Species_latin_binomial
TRa-002_III_2008	AB563838	RV/R3.PHL/2008/TRa-002	TRa-002	III	2008	Philippines	Luzon	III	Pampanga	San Simon	Canis familiaris
TRa-005_V_2008	AB563839	RV/R5.PHL/2008/TRa-005	TRa-005	V	2008	Philippines	Luzon	V	Albay	Tabaco City	Canis familiaris
TRa-006_III_2008	AB563840	RV/R3.PHL/2008/TRa-006	TRa-006	III	2008	Philippines	Luzon	III	Pampanga	Minalin	Canis familiaris
TRa-009_III_2008	AB563841	RV/R3.PHL/2008/TRa-009	TRa-009	III	2008	Philippines	Luzon	III	Nueva Ecija	Lupao	Canis familiaris
TRa-010_III_2008	AB563842	RV/R3.PHL/2008/TRa-010	TRa-010	III	2008	Philippines	Luzon	III	Pampanga	Santa Ana	Canis familiaris
TRa-011_III_2008	AB563843	RV/R3.PHL/2008/TRa-011	TRa-011	III	2008	Philippines	Luzon	III	Zambales	Subic	Felis catus
TRa-013_III_2008	AB563844	RV/R3.PHL/2008/TRa-013	TRa-013	III	2008	Philippines	Luzon	III	Tarlac	Concepcion	Canis familiaris
TRa-014_X_2008	AB563845	RV/R10.PHL/2008/TRa-014	TRa-014	X	2008	Philippines	Mindanao	X	Misamis Oriental	Cagayan de Oro City	Canis familiaris
TRa-016_III_2008	AB563846	RV/R3.PHL/2008/TRa-016	TRa-016	III	2008	Philippines	Luzon	III	Zambales	San Antonio	Canis familiaris
TRa-017_III_2008	AB683585	RV/R3.PHL/2008/TRa-017	TRa-017	III	2008	Philippines	Luzon	III	Pampanga	Mexico	Canis familiaris
TRa-018_III_2008	AB563847	RV/R3.PHL/2008/TRa-018	TRa-018	III	2008	Philippines	Luzon	III	Zambales	San Antonio	Canis familiaris
TRa-019_III_2008	AB563848	RV/R3.PHL/2008/TRa-019	TRa-019	III	2008	Philippines	Luzon	III	Pampanga	Mabalacat	Canis familiaris
TRa-020_III_2008	AB563849	RV/R3.PHL/2008/TRa-020	TRa-020	III	2008	Philippines	Luzon	III	Pampanga	Santa Rita	Canis familiaris
TRa-021_III_2008	AB563850	RV/R3.PHL/2008/TRa-021	TRa-021	III	2008	Philippines	Luzon	III	Nueva Ecija	Quezon	Canis familiaris
TRa-022_III_2008	AB563851	RV/R3.PHL/2008/TRa-022	TRa-022	III	2008	Philippines	Luzon	III	Pampanga	Mabalacat	Canis familiaris
TRa-024_X_2008	AB563852	RV/R10.PHL/2008/TRa-024	TRa-024	X	2008	Philippines	Mindanao	X	Misamis Oriental	Cagayan de Oro City	Canis familiaris
TRa-025_X_2008	AB563853	RV/R10.PHL/2008/TRa-025	TRa-025	X	2008	Philippines	Mindanao	X	Misamis Oriental	Cagayan de Oro City	Canis familiaris
TRa-026_X_2008	AB563854	RV/R10.PHL/2008/TRa-026	TRa-026	X	2008	Philippines	Mindanao	X	Misamis Oriental	Lagonglong	Canis familiaris
TRa-027_X_2008	AB563855	RV/R10.PHL/2008/TRa-027	TRa-027	X	2008	Philippines	Mindanao	X	Misamis Oriental	Cagayan de Oro City	Canis familiaris
TRa-028_X_2008	AB563856	RV/R10.PHL/2008/TRa-028	TRa-028	X	2008	Philippines	Mindanao	X	Misamis Oriental	Cagayan de Oro City	Canis familiaris
TRa-030_X_2008	AB563857	RV/R10.PHL/2008/TRa-030	TRa-030	X	2008	Philippines	Mindanao	X	Misamis Oriental	Manticao	Canis familiaris
TRa-031_V_2008	AB563858	RV/R5.PHL/2008/TRa-031	TRa-031	V	2008	Philippines	Luzon	V	Albay	Bacacay	Canis familiaris
TRa-032_V_2008	AB563859	RV/R5.PHL/2008/TRa-032	TRa-032	V	2008	Philippines	Luzon	V	Albay	Bacacay	Canis familiaris
TRa-034_V_2008	AB563860	RV/R5.PHL/2008/TRa-034	TRa-034	V	2008	Philippines	Luzon	V	Albay	Tabaco City	Canis familiaris
TRa-036_V_2008	AB563861	RV/R5.PHL/2008/TRa-036	TRa-036	V	2008	Philippines	Luzon	V	Camarines Sur	Naga City	Canis familiaris
TRa-037_V_2008	AB563862	RV/R5.PHL/2008/TRa-037	TRa-037	V	2008	Philippines	Luzon	V	Camarines Sur	Gainza	Canis familiaris
TRa-038_III_2008	AB563863	RV/R3.PHL/2008/TRa-038	TRa-038	III	2008	Philippines	Luzon	III	Pampanga	San Fernando	Canis familiaris
TRa-040_III_2008	AB563864	RV/R3.PHL/2008/TRa-040	TRa-040	III	2008	Philippines	Luzon	III	Zambales	San Felipe	Canis familiaris
TRa-041_III_2008	AB563865	RV/R3.PHL/2008/TRa-041	TRa-041	III	2008	Philippines	Luzon	III	Tarlac	Moncada	Canis familiaris
TRa-047_III_2008	AB563867	RV/R3.PHL/2008/TRa-047	TRa-047	III	2008	Philippines	Luzon	III	Zambales	San Narciso	Canis familiaris
TRa-048_III_2008	AB563868	RV/R3.PHL/2008/TRa-048	TRa-048	III	2008	Philippines	Luzon	III	Zambales	San Narciso	Canis familiaris
TRa-049_III_2008	AB563869	RV/R3.PHL/2008/TRa-049	TRa-049	III	2008	Philippines	Luzon	III	Pampanga	Candaba	Canis familiaris
TRa-051_III_2008	AB563870	RV/R3.PHL/2008/TRa-051	TRa-051	III	2008	Philippines	Luzon	III	Pampanga	Magalang	Canis familiaris
TRa-052_X_2008	AB563871	RV/R10.PHL/2008/TRa-052	TRa-052	X	2008	Philippines	Mindanao	X	Misamis Oriental	Cagayan de Oro City	Canis familiaris
TRa-053_X_2008	AB563872	RV/R10.PHL/2008/TRa-053	TRa-053	X	2008	Philippines	Mindanao	X	Misamis Oriental	Cagayan de Oro City	Canis familiaris
TRa-054_X_2008	AB563873	RV/R10.PHL/2008/TRa-054	TRa-054	X	2008	Philippines	Mindanao	X	Lanao del Norte	Iligan City	Canis familiaris
TRa-055_X_2008	AB563874	RV/R10.PHL/2008/TRa-055	TRa-055	X	2008	Philippines	Mindanao	X	Misamis Oriental	Cagayan de Oro City	Canis familiaris
TRa-056_X_2008	AB563875	RV/R10.PHL/2008/TRa-056	TRa-056	X	2008	Philippines	Mindanao	X	Misamis Oriental	Balingasag	Canis familiaris
TRa-057_X_2008	AB563876	RV/R10.PHL/2008/TRa-057	TRa-057	X	2008	Philippines	Mindanao	X	Misamis Oriental	Balingasag	Canis familiaris
TRa-059_III_2008	AB563878	RV/R3.PHL/2008/TRa-059	TRa-059	III	2008	Philippines	Luzon	III	Pampanga	Mexico	Canis familiaris
TRa-060_III_2008	AB563879	RV/R3.PHL/2008/TRa-060	TRa-060	III	2008	Philippines	Luzon	III	Pampanga	Magalang	Canis familiaris
TRa-061_III_2008	AB563880	RV/R3.PHL/2008/TRa-061	TRa-061	III	2008	Philippines	Luzon	III	Pampanga	Mabalacat	Canis familiaris
TRa-062_III_2008	AB563881	RV/R3.PHL/2008/TRa-062	TRa-062	III	2008	Philippines	Luzon	III	Nueva Ecija	Licab	Canis familiaris
TRa-063_III_2008	AB563882	RV/R3.PHL/2008/TRa-063	TRa-063	III	2008	Philippines	Luzon	III	Nueva Ecija	Rizal	Canis familiaris
TRa-064_III_2008	AB563883	RV/R3.PHL/2008/TRa-064	TRa-064	III	2008	Philippines	Luzon	III	Pampanga	Masantol	Canis familiaris
TRa-065_III_2008	AB563884	RV/R3.PHL/2008/TRa-065	TRa-065	III	2008	Philippines	Luzon	III	Nueva Ecija	San Jose	Canis familiaris
TRa-066_III_2008	AB563885	RV/R3.PHL/2008/TRa-066	TRa-066	III	2008	Philippines	Luzon	III	Pampanga	San Simon	Canis familiaris
TRa-067_V_2008	AB563886	RV/R5.PHL/2008/TRa-067	TRa-067	V	2008	Philippines	Luzon	V	Albay	Daraga (Locsin)	Canis familiaris
TRa-071_V_2008	AB563887	RV/R5.PHL/2008/TRa-071	TRa-071	V	2008	Philippines	Luzon	V	Camarines Sur	Naga City	Canis familiaris
TRa-072_V_2008	AB563888	RV/R5.PHL/2008/TRa-072	TRa-072	V	2008	Philippines	Luzon	V	Albay	Tiwi	Canis familiaris
TRa-073_V_2008	AB563889	RV/R5.PHL/2008/TRa-073	TRa-073	V	2008	Philippines	Luzon	V	Sorsogon	Juban	Canis familiaris
TRa-074_VII_2008	AB563890	RV/R7.PHL/2008/TRa-074	TRa-074	VII	2008	Philippines	Visayas	VII	Cebu	Cebu City 	Canis familiaris
TRa-075_VII_2008	AB563891	RV/R7.PHL/2008/TRa-075	TRa-075	VII	2008	Philippines	Visayas	VII	Cebu	Lapu Lapu City	Canis familiaris
TRa-076_VII_2008	AB563892	RV/R7.PHL/2008/TRa-076	TRa-076	VII	2008	Philippines	Visayas	VII	Cebu	Cebu City	Canis familiaris
TRa-077_VII_2008	AB563893	RV/R7.PHL/2008/TRa-077	TRa-077	VII	2008	Philippines	Visayas	VII	Cebu	Lapu Lapu City	Canis familiaris
TRa-078_VII_2008	AB563894	RV/R7.PHL/2008/TRa-078	TRa-078	VII	2008	Philippines	Visayas	VII	Cebu	Cebu City	Canis familiaris
TRa-079_VII_2008	AB563895	RV/R7.PHL/2008/TRa-079	TRa-079	VII	2008	Philippines	Visayas	VII	Cebu	Cebu City	Canis familiaris
TRa-080_VII_2008	AB563896	RV/R7.PHL/2008/TRa-080	TRa-080	VII	2008	Philippines	Visayas	VII	Cebu	Lilo-an	Canis familiaris
TRa-084_VII_2008	AB683588	RV/R7.PHL/2008/TRa-084	TRa-084	VII	2008	Philippines	Visayas	VII	Negros Oriental	Sibulan	Canis familiaris
TRa-085_VII_2008	AB563900	RV/R7.PHL/2008/TRa-085	TRa-085	VII	2008	Philippines	Visayas	VII	Negros Oriental	Valencia	unknown
TRa-086_III_2008	AB563901	RV/R3.PHL/2008/TRa-086	TRa-086	III	2008	Philippines	Luzon	III	Pampanga	Candaba	Canis familiaris
TRa-087_III_2008	AB563902	RV/R3.PHL/2008/TRa-087	TRa-087	III	2008	Philippines	Luzon	III	Pampanga	Santa Rita	Canis familiaris
TRa-088_III_2008	AB563903	RV/R3.PHL/2008/TRa-088	TRa-088	III	2008	Philippines	Luzon	III	Pampanga	Minalin	Canis familiaris
TRa-089_III_2008	AB563904	RV/R3.PHL/2008/TRa-089	TRa-089	III	2008	Philippines	Luzon	III	Nueva Ecija	Laur	Canis familiaris
TRa-090_III_2008	AB563905	RV/R3.PHL/2008/TRa-090	TRa-090	III	2008	Philippines	Luzon	III	Pampanga	Macabebe	Canis familiaris
TRa-091_III_2008	AB563906	RV/R3.PHL/2008/TRa-091	TRa-091	III	2008	Philippines	Luzon	III	Pampanga	San Luis	Canis familiaris
TRa-092_III_2008	AB563907	RV/R3.PHL/2008/TRa-092	TRa-092	III	2008	Philippines	Luzon	III	Pampanga	Santa Rita	Canis familiaris
TRa-093_III_2008	AB563908	RV/R3.PHL/2008/TRa-093	TRa-093	III	2008	Philippines	Luzon	III	Pampanga	Angeles City	Canis familiaris
TRa-094_I_2008	AB563909	RV/R1.PHL/2008/TRa-094	TRa-094	I	2008	Philippines	Luzon	I	Pangasinan	Lingayen	Canis familiaris
TRa-095_III_2008	AB563910	RV/R3.PHL/2008/TRa-095	TRa-095	III	2008	Philippines	Luzon	III	Nueva Ecija	Laur	Canis familiaris
TRa-096_VII_2008	AB563911	RV/R7.PHL/2008/TRa-096	TRa-096	VII	2008	Philippines	Visayas	VII	Cebu	Lapu Lapu City,	Canis familiaris
TRa-097_VII_2008	AB563912	RV/R7.PHL/2008/TRa-097	TRa-097	VII	2008	Philippines	Visayas	VII	Cebu	San Remigio	Canis familiaris
TRa-098_VII_2008	AB563913	RV/R7.PHL/2008/TRa-098	TRa-098	VII	2008	Philippines	Visayas	VII	Cebu	Lapu Lapu City	Canis familiaris
TRa-099_VII_2008	AB563914	RV/R7.PHL/2008/TRa-099	TRa-099	VII	2008	Philippines	Visayas	VII	Cebu	Cebu City,	Canis familiaris
TRa-100_VII_2008	AB563915	RV/R7.PHL/2008/TRa-100	TRa-100	VII	2008	Philippines	Visayas	VII	Cebu	Consolacion,	Canis familiaris
TRa-101_VII_2008	AB563916	RV/R7.PHL/2008/TRa-101	TRa-101	VII	2008	Philippines	Visayas	VII	Cebu	Cebu City	Canis familiaris
TRa-102_VII_2008	AB563917	RV/R7.PHL/2008/TRa-102	TRa-102	VII	2008	Philippines	Visayas	VII	Cebu	Cebu City	Canis familiaris
TRa-103_VII_2008	AB563918	RV/R7.PHL/2008/TRa-103	TRa-103	VII	2008	Philippines	Visayas	VII	Cebu	Mandaue City	Canis familiaris
TRa-104_X_2008	AB563919	RV/R10.PHL/2008/TRa-104	TRa-104	X	2008	Philippines	Mindanao	X	Misamis Oriental	Cagayan de Oro City	Canis familiaris
TRa-107_X_2008	AB563920	RV/R10.PHL/2008/TRa-107	TRa-107	X	2008	Philippines	Mindanao	X	Misamis Oriental	Balingasag	Canis familiaris
TRa-108_X_2008	AB563921	RV/R10.PHL/2008/TRa-108	TRa-108	X	2008	Philippines	Mindanao	X	Misamis Oriental	Manticao	Canis familiaris
TRa-109_X_2009	AB563922	RV/R10.PHL/2009/TRa-109	TRa-109	X	2009	Philippines	Mindanao	X	Misamis Oriental	Cagayan de Oro City	Canis familiaris
TRa-110_X_2009	AB563923	RV/R10.PHL/2009/TRa-110	TRa-110	X	2009	Philippines	Mindanao	X	Misamis Oriental	Magsaysay	Canis familiaris
TRa-111_III_2008	AB563924	RV/R3.PHL/2008/TRa-111	TRa-111	III	2008	Philippines	Luzon	III	Pampanga	Mabalacat	Canis familiaris
TRa-112_III_2008	AB563925	RV/R3.PHL/2008/TRa-112	TRa-112	III	2008	Philippines	Luzon	III	Zambales	Castillejos	Canis familiaris
TRa-113_III_2009	AB563926	RV/R3.PHL/2009/TRa-113	TRa-113	III	2009	Philippines	Luzon	III	Nueva Ecija	Munoz	Canis familiaris
TRa-114_III_2009	AB563927	RV/R3.PHL/2009/TRa-114	TRa-114	III	2009	Philippines	Luzon	III	Zambales	San Marcelino	Canis familiaris
TRa-115_III_2009	AB563928	RV/R3.PHL/2009/TRa-115	TRa-115	III	2009	Philippines	Luzon	III	Pampanga	Santa Ana	Canis familiaris
TRa-116_III_2009	AB563929	RV/R3.PHL/2009/TRa-116	TRa-116	III	2009	Philippines	Luzon	III	Zambales	San Felipe	Canis familiaris
TRa-117_III_2009	AB563930	RV/R3.PHL/2009/TRa-117	TRa-117	III	2009	Philippines	Luzon	III	Pampanga	Candaba	Canis familiaris
TRa-118_III_2009	AB563931	RV/R3.PHL/2009/TRa-118	TRa-118	III	2009	Philippines	Luzon	III	Pampanga	San Luis	Canis familiaris
TRa-120_V_2008	AB563933	RV/R5.PHL/2008/TRa-120	TRa-120	V	2008	Philippines	Luzon	V	Catanduanes	Virac	Canis familiaris
TRa-121_V_2008	AB563934	RV/R5.PHL/2008/TRa-121	TRa-121	V	2008	Philippines	Luzon	V	Camarines Sur	Naga City	Canis familiaris
TRa-123_V_2008	AB563936	RV/R5.PHL/2008/TRa-123	TRa-123	V	2008	Philippines	Luzon	V	Catanduanes	Virac	Canis familiaris
TRa-127_III_2009	AB563937	RV/R3.PHL/2009/TRa-127	TRa-127	III	2009	Philippines	Luzon	III	Pampanga	Masantol	Canis familiaris
TRa-128_III_2009	AB563938	RV/R3.PHL/2009/TRa-128	TRa-128	III	2009	Philippines	Luzon	III	Nueva Ecija	Palayan	Canis familiaris
TRa-129_III_2009	AB563939	RV/R3.PHL/2009/TRa-129	TRa-129	III	2009	Philippines	Luzon	III	Pampanga	San Luis	Canis familiaris
TRa-130_III_2009	AB563940	RV/R3.PHL/2009/TRa-130	TRa-130	III	2009	Philippines	Luzon	III	Pampanga	Angeles City	Canis familiaris
TRa-132_III_2009	AB683586	RV/R3.PHL/2009/TRa-132	TRa-132	III	2009	Philippines	Luzon	III	Nueva Ecija	Talugtug	Canis familiaris
TRa-133_III_2009	AB563942	RV/R3.PHL/2009/TRa-133	TRa-133	III	2009	Philippines	Luzon	III	Pampanga	Santo Tomas	Canis familiaris
TRa-134_III_2009	AB563943	RV/R3.PHL/2009/TRa-134	TRa-134	III	2009	Philippines	Luzon	III	Nueva Ecija	Pantabangan	Canis familiaris
TRa-135_III_2009	AB563944	RV/R3.PHL/2009/TRa-135	TRa-135	III	2009	Philippines	Luzon	III	Pampanga	Santa Ana	Canis familiaris
TRa-136_III_2009	AB563945	RV/R3.PHL/2009/TRa-136	TRa-136	III	2009	Philippines	Luzon	III	Nueva Ecija	San Antonio	Canis familiaris
TRa-142_II_2009	AB563946	RV/R2.PHL/2009/TRa-142	TRa-142	II	2009	Philippines	Luzon	II	Cagayan	Allacapan	Canis familiaris
TRa-143_VII_2009	AB563947	RV/R7.PHL/2009/TRa-143	TRa-143	VII	2009	Philippines	Visayas	VII	Negros Oriental	Sibulan	Cow
TRa-144_VII_2009	AB563948	RV/R7.PHL/2009/TRa-144	TRa-144	VII	2009	Philippines	Visayas	VII	Negros Oriental	Sibulan	Canis familiaris
TRa-145_VII_2009	AB563949	RV/R7.PHL/2009/TRa-145	TRa-145	VII	2009	Philippines	Visayas	VII	Negros Oriental	Dumaguete City	Canis familiaris
TRa-147_VII_2009	AB563950	RV/R7.PHL/2009/TRa-147	TRa-147	VII	2009	Philippines	Visayas	VII	Negros Oriental	Bais City	Canis familiaris
TRa-150_I_2009	AB563951	RV/R1.PHL/2009/TRa-150	TRa-150	I	2009	Philippines	Luzon	I	Pangasinan	Asingan	Canis familiaris
TRa-151_I_2009	AB563952	RV/R1.PHL/2009/TRa-151	TRa-151	I	2009	Philippines	Luzon	I	Pangasinan	Asingan	Canis familiaris
TRa-153_I_2009	AB563953	RV/R1.PHL/2009/TRa-153	TRa-153	I	2009	Philippines	Luzon	I	Pangasinan	Laoac	Canis familiaris
TRa-154_I_2009	AB563954	RV/R1.PHL/2009/TRa-154	TRa-154	I	2009	Philippines	Luzon	I	Pangasinan	San Carlos City	Canis familiaris
TRa-156_I_2009	AB838709	RV/R1.PHL/2009/TRa-156	TRa-156	I	2009	Philippines	Luzon	I	Pangasinan	Burgos	Canis familiaris
TRa-157_I_2009	AB563955	RV/R1.PHL/2009/TRa-157	TRa-157	I	2009	Philippines	Luzon	I	Pangasinan	Agno	Canis familiaris
TRa-159_I_2009	AB563956	RV/R1.PHL/2009/TRa-159	TRa-159	I	2009	Philippines	Luzon	I	Pangasinan	San Jacinto	Canis familiaris
TRa-161_I_2009	AB563957	RV/R1.PHL/2009/TRa-161	TRa-161	I	2009	Philippines	Luzon	I	Pangasinan	Urdaneta	Canis familiaris
TRa-164_VII_2009	AB563958	RV/R7.PHL/2009/TRa-164	TRa-164	VII	2009	Philippines	Visayas	VII	Negros Oriental	Dumaguete City	Canis familiaris
TRa-165_VII_2009	AB563959	RV/R7.PHL/2009/TRa-165	TRa-165	VII	2009	Philippines	Visayas	VII	Negros Oriental	Dumaguete City	Canis familiaris
TRa-166_VII_2009	AB563960	RV/R7.PHL/2009/TRa-166	TRa-166	VII	2009	Philippines	Visayas	VII	Cebu	Mandaue City	Canis familiaris
TRa-167_VII_2009	AB563961	RV/R7.PHL/2009/TRa-167	TRa-167	VII	2009	Philippines	Visayas	VII	Cebu	Cebu City	Canis familiaris
TRa-168_VII_2009	AB563962	RV/R7.PHL/2009/TRa-168	TRa-168	VII	2009	Philippines	Visayas	VII	Cebu	Cebu City	Canis familiaris
TRa-170_VII_2009	AB563963	RV/R7.PHL/2009/TRa-170	TRa-170	VII	2009	Philippines	Visayas	VII	Cebu	Cebu City	Canis familiaris
TRa-172_VII_2009	AB563964	RV/R7.PHL/2009/TRa-172	TRa-172	VII	2009	Philippines	Visayas	VII	Cebu	Cebu City	Canis familiaris
TRa-173_VII_2009	AB563965	RV/R7.PHL/2009/TRa-173	TRa-173	VII	2009	Philippines	Visayas	VII	Cebu	Cebu City	Canis familiaris
TRa-176_VII_2009	AB563966	RV/R7.PHL/2009/TRa-176	TRa-176	VII	2009	Philippines	Visayas	VII	Cebu	Cebu City	Canis familiaris
TRa-177_VII_2009	AB563967	RV/R7.PHL/2009/TRa-177	TRa-177	VII	2009	Philippines	Visayas	VII	Cebu	Lapu-Lapu City	Canis familiaris
TRa-178_VII_2009	AB563968	RV/R7.PHL/2009/TRa-178	TRa-178	VII	2009	Philippines	Visayas	VII	Cebu	Cebu City	Canis familiaris
TRa-179_VII_2009	AB838710	RV/R7.PHL/2009/TRa-179	TRa-179	VII	2009	Philippines	Visayas	VII	Cebu	Lapu-Lapu City	Canis familiaris
TRa-183_V_2009	AB563969	RV/R5.PHL/2009/TRa-183	TRa-183	V	2009	Philippines	Luzon	V	Albay	Daraga (Locsin)	Canis familiaris
TRa-184_X_2009	AB683589	RV/R10.PHL/2009/TRa-184	TRa-184	X	2009	Philippines	Mindanao	X	Misamis Oriental	Cagayan de Oro City	Canis familiaris
TRa-186_X_2009	AB683590	RV/R10.PHL/2009/TRa-186	TRa-186	X	2009	Philippines	Mindanao	X	Misamis Oriental	Binuangan	Canis familiaris
TRa-189_X_2009	AB683591	RV/R10.PHL/2009/TRa-189	TRa-189	X	2009	Philippines	Mindanao	X	Misamis Oriental	Cagayan de Oro City	Canis familiaris
TRa-191_X_2009	AB563970	RV/R10.PHL/2009/TRa-191	TRa-191	X	2009	Philippines	Mindanao	X	Misamis Oriental	Cagayan de Oro City	Canis familiaris
TRa-196_X_2009	AB563971	RV/R10.PHL/2009/TRa-196	TRa-196	X	2009	Philippines	Mindanao	X	Misamis Oriental	Cagayan de Oro City	Canis familiaris
TRa-197_X_2009	AB563972	RV/R10.PHL/2009/TRa-197	TRa-197	X	2009	Philippines	Mindanao	X	Misamis Oriental	Cagayan de Oro City	Canis familiaris
TRa-198_CAR_2009	AB563973	RV/CAR.PHL/2009/TRa-198	TRa-198	CAR	2009	Philippines	Luzon	CAR	Mountain Province	Tadian	Canis familiaris
TRa-199_CAR_2009	AB563974	RV/CAR.PHL/2009/TRa-199	TRa-199	CAR	2009	Philippines	Luzon	CAR	Mountain Province	Sadanga	Canis familiaris
TRa-200_CAR_2009	AB563975	RV/CAR.PHL/2009/TRa-200	TRa-200	CAR	2009	Philippines	Luzon	CAR	Mountain Province	Sadanga	Canis familiaris
TRa-201_III_2009	AB563976	RV/R3.PHL/2009/TRa-201	TRa-201	III	2009	Philippines	Luzon	III	Nueva Ecija	San Leonardo	Canis familiaris
TRa-202_III_2009	AB563977	RV/R3.PHL/2009/TRa-202	TRa-202	III	2009	Philippines	Luzon	III	Zambales	Masinloc	Canis familiaris
TRa-204_III_2009	AB563978	RV/R3.PHL/2009/TRa-204	TRa-204	III	2009	Philippines	Luzon	III	Pampanga	San Luis	Canis familiaris
TRa-205_III_2009	AB563979	RV/R3.PHL/2009/TRa-205	TRa-205	III	2009	Philippines	Luzon	III	Nueva Ecija	San Jose	Canis familiaris
TRa-206_III_2009	AB563980	RV/R3.PHL/2009/TRa-206	TRa-206	III	2009	Philippines	Luzon	III	Pampanga	Porac	Canis familiaris
TRa-208_I_2009	AB563981	RV/R1.PHL/2009/TRa-208	TRa-208	I	2009	Philippines	Luzon	I	Pangasinan	San Carlos City	Canis familiaris
TRa-209_I_2009	AB563982	RV/R1.PHL/2009/TRa-209	TRa-209	I	2009	Philippines	Luzon	I	Pangasinan	Pozorrubio	unknown
TRa-210_I_2009	AB563983	RV/R1.PHL/2009/TRa-210	TRa-210	I	2009	Philippines	Luzon	I	Pangasinan	Urdaneta	Canis familiaris
TRa-213_I_2009	AB563984	RV/R1.PHL/2009/TRa-213	TRa-213	I	2009	Philippines	Luzon	I	Pangasinan	Binmaley	Canis familiaris
TRa-214_I_2009	AB563985	RV/R1.PHL/2009/TRa-214	TRa-214	I	2009	Philippines	Luzon	I	Pangasinan	Bani	Canis familiaris
TRa-215_I_2009	AB563986	RV/R1.PHL/2009/TRa-215	TRa-215	I	2009	Philippines	Luzon	I	Pangasinan	Manaoag	Canis familiaris
TRa-216_I_2009	AB563987	RV/R1.PHL/2009/TRa-216	TRa-216	I	2009	Philippines	Luzon	I	La Union 	Aringay	Canis familiaris
TRa-218_I_2009	AB563988	RV/R1.PHL/2009/TRa-218	TRa-218	I	2009	Philippines	Luzon	I	La Union 	San Fernando	Canis familiaris
TRa-219_I_2009	AB563989	RV/R1.PHL/2009/TRa-219	TRa-219	I	2009	Philippines	Luzon	I	Pangasinan	Urbiztondo	Canis familiaris
TRa-220_I_2009	AB563990	RV/R1.PHL/2009/TRa-220	TRa-220	I	2009	Philippines	Luzon	I	Pangasinan	San Carlos City	Canis familiaris
TRa-221_I_2009	AB563991	RV/R1.PHL/2009/TRa-221	TRa-221	I	2009	Philippines	Luzon	I	Pangasinan	San Carlos City	Canis familiaris
TRa-222_CAR_2009	AB563992	RV/CAR.PHL/2009/TRa-222	TRa-222	CAR	2009	Philippines	Luzon	CAR	Mountain Province	Besao	Canis familiaris
TRa-224_CAR_2009	AB563993	RV/CAR.PHL/2009/TRa-224	TRa-224	CAR	2009	Philippines	Luzon	CAR	Ifugao	Banaue	Canis familiaris
TRa-225_V_2009	AB563994	RV/R5.PHL/2009/TRa-225	TRa-225	V	2009	Philippines	Luzon	V	Albay	Daraga (Locsin)	Canis familiaris
TRa-226_V_2009	AB563995	RV/R5.PHL/2009/TRa-226	TRa-226	V	2009	Philippines	Luzon	V	Albay	Daraga (Locsin)	Canis familiaris
TRa-227_V_2009	AB563996	RV/R5.PHL/2009/TRa-227	TRa-227	V	2009	Philippines	Luzon	V	Albay	Tabaco	Canis familiaris
TRa-229_V_2009	AB563997	RV/R5.PHL/2009/TRa-229	TRa-229	V	2009	Philippines	Luzon	V	Catanduanes	Virac	Canis familiaris
TRa-231_V_2009	AB563998	RV/R5.PHL/2009/TRa-231	TRa-231	V	2009	Philippines	Luzon	V	Camarines Norte	Vinzons	Canis familiaris
TRa-233_I_2009	AB563999	RV/R1.PHL/2009/TRa-233	TRa-233	I	2009	Philippines	Luzon	I	Ilocos Sur	Bontoc	Canis familiaris
TRa-234_CAR_2009	AB564000	RV/CAR.PHL/2009/TRa-234	TRa-234	CAR	2009	Philippines	Luzon	CAR	Mountain Province	Bontoc	unknown
TRa-235_VII_2009	AB564001	RV/R7.PHL/2009/TRa-235	TRa-235	VII	2009	Philippines	Visayas	VII	Negros Oriental	Sibulan	Canis familiaris
TRa-236_VII_2009	AB564002	RV/R7.PHL/2009/TRa-236	TRa-236	VII	2009	Philippines	Visayas	VII	Negros Oriental	Dumaguete City	unknown
TRa-237_VII_2009	AB564003	RV/R7.PHL/2009/TRa-237	TRa-237	VII	2009	Philippines	Visayas	VII	Negros Oriental	Bais City	Canis familiaris
TRa-238_VII_2009	AB564004	RV/R7.PHL/2009/TRa-238	TRa-238	VII	2009	Philippines	Visayas	VII	Negros Oriental	Dumaguete City	Canis familiaris
TRa-239_VII_2009	AB564005	RV/R7.PHL/2009/TRa-239	TRa-239	VII	2009	Philippines	Visayas	VII	Negros Oriental	Valencia	Canis familiaris
TRa-240_VII_2009	AB564006	RV/R7.PHL/2009/TRa-240	TRa-240	VII	2009	Philippines	Visayas	VII	Negros Oriental	Zamboanguita	Canis familiaris
TRa-241_VII_2009	AB564007	RV/R7.PHL/2009/TRa-241	TRa-241	VII	2009	Philippines	Visayas	VII	Negros Oriental	Sibulan	Canis familiaris
TRa-242_X_2009	AB564008	RV/R10.PHL/2009/TRa-242	TRa-242	X	2009	Philippines	Mindanao	X	Misamis Oriental	Cagayan de Oro City	Canis familiaris
TRa-243_X_2009	AB564009	RV/R10.PHL/2009/TRa-243	TRa-243	X	2009	Philippines	Mindanao	X	Misamis Oriental	Cagayan de Oro City	Canis familiaris
TRa-244_X_2009	AB564010	RV/R10.PHL/2009/TRa-244	TRa-244	X	2009	Philippines	Mindanao	X	Misamis Oriental	Cagayan de Oro City	Canis familiaris
TRa-246_X_2009	AB564011	RV/R10.PHL/2009/TRa-246	TRa-246	X	2009	Philippines	Mindanao	X	Misamis Oriental	Cagayan de Oro City	Canis familiaris
TRa-248_X_2009	AB564012	RV/R10.PHL/2009/TRa-248	TRa-248	X	2009	Philippines	Mindanao	X	Misamis Oriental	Cagayan de Oro City	Canis familiaris
TRa-249_X_2009	AB564013	RV/R10.PHL/2009/TRa-249	TRa-249	X	2009	Philippines	Mindanao	X	Misamis Oriental	Jasaan	Canis familiaris
TRa-250_X_2009	AB564014	RV/R10.PHL/2009/TRa-250	TRa-250	X	2009	Philippines	Mindanao	X	Misamis Oriental	Binuangan	Canis familiaris
TRa-251_X_2009	AB564015	RV/R10.PHL/2009/TRa-251	TRa-251	X	2009	Philippines	Mindanao	X	Lanao Del Norte	Linamon	Canis familiaris
TRa-252_X_2009	AB564016	RV/R10.PHL/2009/TRa-252	TRa-252	X	2009	Philippines	Mindanao	X	Misamis Oriental	Cagayan de Oro City	Canis familiaris
TRa-253_X_2009	AB564017	RV/R10.PHL/2009/TRa-253	TRa-253	X	2009	Philippines	Mindanao	X	Misamis Oriental	Cagayan de Oro City	Canis familiaris
TRa-254_X_2009	AB564018	RV/R10.PHL/2009/TRa-254	TRa-254	X	2009	Philippines	Mindanao	X	Misamis Oriental	Cagayan de Oro City	Canis familiaris
TRa-255_X_2009	AB564019	RV/R10.PHL/2009/TRa-255	TRa-255	X	2009	Philippines	Mindanao	X	Misamis Oriental	Cagayan de Oro City	Canis familiaris
TRa-256_I_2009	AB733964	RV/R1.PHL/2009/TRa-256	TRa-256	I	2009	Philippines	Luzon	I	Pangasinan	San Manuel	Canis familiaris
TRa-257_I_2009	AB733965	RV/R1.PHL/2009/TRa-257	TRa-257	I	2009	Philippines	Luzon	I	Pangasinan	Bani	Canis familiaris
TRa-258_I_2009	AB733966	RV/R1.PHL/2009/TRa-258	TRa-258	I	2009	Philippines	Luzon	I	Pangasinan	Agno	Canis familiaris
TRa-259_I_2009	AB733967	RV/R1.PHL/2009/TRa-259	TRa-259	I	2009	Philippines	Luzon	I	Pangasinan	San Carlos City	Canis familiaris
TRa-260_I_2009	AB733968	RV/R1.PHL/2009/TRa-260	TRa-260	I	2009	Philippines	Luzon	I	Pangasinan	Alcala	Canis familiaris
TRa-263_I_2009	AB733969	RV/R1.PHL/2009/TRa-263	TRa-263	I	2009	Philippines	Luzon	I	Pangasinan	Dagupan City	Canis familiaris
TRa-265_I_2009	AB733970	RV/R1.PHL/2009/TRa-265	TRa-265	I	2009	Philippines	Luzon	I	Ilocos Sur	Tagudin	Canis familiaris
TRa-268_V_2009	AB733977	RV/R5.PHL/2009/TRa-268	TRa-268	V	2009	Philippines	Luzon	V	Sorsogon	Gubat	Canis familiaris
TRa-272_V_2009	AB733978	RV/R5.PHL/2009/TRa-272	TRa-272	V	2009	Philippines	Luzon	V	Albay	Daraga (Locsin)	Canis familiaris
TRa-273_V_2009	AB733979	RV/R5.PHL/2009/TRa-273	TRa-273	V	2009	Philippines	Luzon	V	Albay	Legaspi City	Canis familiaris
TRa-279_II_2009	AB733974	RV/R2.PHL/2009/TRa-279	TRa-279	II	2009	Philippines	Luzon	II	Isabela City	San Mateo	Canis familiaris
TRa-283_II_2009	AB733975	RV/R2.PHL/2009/TRa-283	TRa-283	II	2009	Philippines	Luzon	II	Isabela City	Santiago	Canis familiaris
TRa-284_II_2009	AB733976	RV/R2.PHL/2009/TRa-284	TRa-284	II	2009	Philippines	Luzon	II	Isabela City	San Agustin	Canis familiaris
TRa-285_CAR_2009	AB733961	RV/CAR.PHL/2009/TRa-285	TRa-285	CAR	2009	Philippines	Luzon	CAR	Mountain Province	Bontoc	Canis familiaris
TRa-286_I_2010	AB733971	RV/R1.PHL/2010/TRa-286	TRa-286	I	2010	Philippines	Luzon	I	Ilocos Sur	Suyo	Canis familiaris
TRa-289_CAR_2010	AB733962	RV/CAR.PHL/2010/TRa-289	TRa-289	CAR	2010	Philippines	Luzon	CAR	Ifugao	Alfonso	Canis familiaris
TRa-299_I_2010	AB733972	RV/R1.PHL/2010/TRa-299	TRa-299	I	2010	Philippines	Luzon	I	Pangasinan	San Carlos City	Canis familiaris
TRa-300_I_2010	AB733973	RV/R1.PHL/2010/TRa-300	TRa-300	I	2010	Philippines	Luzon	I	Pangasinan	Alcala	Canis familiaris
TRa-302_III_2012	LC018482	RV/R3.PHL/2012/TRa-302	TRa-302	III	2012	Philippines	Luzon	III	Tarlac	Capas	Canis familiaris
TRa-303_III_2012	LC018483	RV/R3.PHL/2012/TRa-303	TRa-303	III	2012	Philippines	Luzon	III	Bulacan	Hagonoy	Canis familiaris
TRa-305_III_2012	LC018484	RV/R3.PHL/2012/TRa-305	TRa-305	III	2012	Philippines	Luzon	III	Pampanga	Candaba	Canis familiaris
TRa-306_III_2012	LC018485	RV/R3.PHL/2012/TRa-306	TRa-306	III	2012	Philippines	Luzon	III	Nueva Ecija	Guimba	Canis familiaris
TRa-307_III_2012	LC018486	RV/R3.PHL/2012/TRa-307	TRa-307	III	2012	Philippines	Luzon	III	Tarlac	Bamban	Canis familiaris
TRa-308_III_2012	LC018487	RV/R3.PHL/2012/TRa-308	TRa-308	III	2012	Philippines	Luzon	III	Bulacan	Santa Maria	Canis familiaris
TRa-309_III_2012	LC018488	RV/R3.PHL/2012/TRa-309	TRa-309	III	2012	Philippines	Luzon	III	Tarlac	Capas	Canis familiaris
TRa-310_III_2012	LC018489	RV/R3.PHL/2012/TRa-310	TRa-310	III	2012	Philippines	Luzon	III	Bulacan	Santa Maria	Canis familiaris
TRa-311_III_2012	LC018490	RV/R3.PHL/2012/TRa-311	TRa-311	III	2012	Philippines	Luzon	III	Bulacan	Paombong	Canis familiaris
TRa-312_III_2012	LC018491	RV/R3.PHL/2012/TRa-312	TRa-312	III	2012	Philippines	Luzon	III	Nueva Ecija	Zaragosa	Canis familiaris
TRa-313_III_2012	LC018492	RV/R3.PHL/2012/TRa-313	TRa-313	III	2012	Philippines	Luzon	III	Bulacan	Hagonoy	Canis familiaris
TRa-314_III_2012	LC018493	RV/R3.PHL/2012/TRa-314	TRa-314	III	2012	Philippines	Luzon	III	Tarlac	Concepcion	Canis familiaris
TRa-315_III_2012	LC018494	RV/R3.PHL/2012/TRa-315	TRa-315	III	2012	Philippines	Luzon	III	Bulacan	San Jose del Monte	Canis familiaris
TRa-317_III_2012	LC018495	RV/R3.PHL/2012/TRa-317	TRa-317	III	2012	Philippines	Luzon	III	Bulacan	Meycauayan	Canis familiaris
TRa-318_III_2012	LC018496	RV/R3.PHL/2012/TRa-318	TRa-318	III	2012	Philippines	Luzon	III	Bulacan	Marilao	Canis familiaris
TRa-320_I_2012	LC018497	RV/R1.PHL/2012/TRa-320	TRa-320	I	2012	Philippines	Luzon	I	Pangasinan	Bolinao	Canis familiaris
TRa-323_I_2012	LC018498	RV/R1.PHL/2012/TRa-323	TRa-323	I	2012	Philippines	Luzon	I	Pangasinan	Alaminos	Canis familiaris
TRa-324_I_2012	LC018499	RV/R1.PHL/2012/TRa-324	TRa-324	I	2012	Philippines	Luzon	I	Pangasinan	Bolinao	Canis familiaris
TRa-325_I_2012	LC018500	RV/R1.PHL/2012/TRa-325	TRa-325	I	2012	Philippines	Luzon	I	Pangasinan	Alaminos	Canis familiaris
TRa-327_I_2012	LC018501	RV/R1.PHL/2012/TRa-327	TRa-327	I	2012	Philippines	Luzon	I	Pangasinan	Mangatarem	unknown
TRa-337_V_2012	LC018502	RV/R5.PHL/2012/TRa-337	TRa-337	V	2012	Philippines	Luzon	V	Camarines Sur	Naga City	Canis familiaris
TRa-338_V_2012	LC018503	RV/R5.PHL/2012/TRa-338	TRa-338	V	2012	Philippines	Luzon	V	Catanduanes	Panganiban	Canis familiaris
TRa-339_V_2012	LC018504	RV/R5.PHL/2012/TRa-339	TRa-339	V	2012	Philippines	Luzon	V	Albay	Oas	Canis familiaris
TRa-340_V_2012	LC018505	RV/R5.PHL/2012/TRa-340	TRa-340	V	2012	Philippines	Luzon	V	Camarines Norte	Daet	Canis familiaris
TRa-343_V_2012	LC018506	RV/R5.PHL/2012/TRa-343	TRa-343	V	2012	Philippines	Luzon	V	Camarines Norte	Labo	Canis familiaris
TRa-344_V_2012	LC018507	RV/R5.PHL/2012/TRa-344	TRa-344	V	2012	Philippines	Luzon	V	Camarines Sur	Naga City	Canis familiaris
TRa-346_III_2013	LC018508	RV/R3.PHL/2013/TRa-346	TRa-346	III	2013	Philippines	Luzon	III	Pampanga	San Simon	Canis familiaris
TRa-347_III_2013	LC018509	RV/R3.PHL/2013/TRa-347	TRa-347	III	2013	Philippines	Luzon	III	Nueva Ecija	Licab	unknown
TRa-348_III_2013	LC018510	RV/R3.PHL/2013/TRa-348	TRa-348	III	2013	Philippines	Luzon	III	Nueva Ecija	San Antonio	Canis familiaris
TRa-349_III_2013	LC018511	RV/R3.PHL/2013/TRa-349	TRa-349	III	2013	Philippines	Luzon	III	Nueva Ecija	San Antonio	Canis familiaris
TRa-350_III_2013	LC018512	RV/R3.PHL/2013/TRa-350	TRa-350	III	2013	Philippines	Luzon	III	Bulacan	Malolos	Canis familiaris
TRa-351_III_2013	LC018513	RV/R3.PHL/2013/TRa-351	TRa-351	III	2013	Philippines	Luzon	III	Bulacan	Pandi	unknown
TRa-352_III_2013	LC018514	RV/R3.PHL/2013/TRa-352	TRa-352	III	2013	Philippines	Luzon	III	Bulacan	San Jose del Monte	Canis familiaris
TRa-353_III_2013	LC018515	RV/R3.PHL/2013/TRa-353	TRa-353	III	2013	Philippines	Luzon	III	Bulacan	Malolos	Canis familiaris
TRa-354_III_2013	LC018516	RV/R3.PHL/2013/TRa-354	TRa-354	III	2013	Philippines	Luzon	III	Bulacan	Baliuag	Canis familiaris
TRa-355_V_2012	LC018517	RV/R5.PHL/2012/TRa-355	TRa-355	V	2012	Philippines	Luzon	V	Albay	Tiwi	Canis familiaris
TRa-356_V_2012	LC018518	RV/R5.PHL/2012/TRa-356	TRa-356	V	2012	Philippines	Luzon	V	Albay	Tabaco	Canis familiaris
TRa-357_V_2012	LC018519	RV/R5.PHL/2012/TRa-357	TRa-357	V	2012	Philippines	Luzon	V	Sorsogon	Castilla	Canis familiaris
TRa-358_V_2012	LC018520	RV/R5.PHL/2012/TRa-358	TRa-358	V	2012	Philippines	Luzon	V	Camarines Norte	Labo	Canis familiaris
TRa-360_V_2012	LC018521	RV/R5.PHL/2012/TRa-360	TRa-360	V	2012	Philippines	Luzon	V	Albay	Legaspi City	Canis familiaris
TRa-362_V_2012	LC018522	RV/R5.PHL/2012/TRa-362	TRa-362	V	2012	Philippines	Luzon	V	Albay	Oas	Canis familiaris
TRa-364_V_2013	LC018523	RV/R5.PHL/2013/TRa-364	TRa-364	V	2013	Philippines	Luzon	V	Albay	Camalig	Canis familiaris
TRa-365_V_2013	LC018524	RV/R5.PHL/2013/TRa-365	TRa-365	V	2013	Philippines	Luzon	V	Albay	Tabaco	Canis familiaris
TRa-370_CAR_2013	LC018525	RV/CAR.PHL/2013/TRa-370	TRa-370	CAR	2013	Philippines	Luzon	CAR	Kalinga Apayao	Tabuk	Canis familiaris
TRa-375_I_2012	LC018526	RV/R1.PHL/2012/TRa-375	TRa-375	I	2012	Philippines	Luzon	I	Pangasinan	San Carlos City	Canis familiaris
TRa-376_I_2012	LC018527	RV/R1.PHL/2012/TRa-376	TRa-376	I	2012	Philippines	Luzon	I	Pangasinan	Alcala	Canis familiaris
TRa-377_I_2012	LC018528	RV/R1.PHL/2012/TRa-377	TRa-377	I	2012	Philippines	Luzon	I	Pangasinan	Santa Barabara	Canis familiaris
TRa-378_I_2012	LC018529	RV/R1.PHL/2012/TRa-378	TRa-378	I	2012	Philippines	Luzon	I	Pangasinan	Santa Barabara	Canis familiaris
TRa-379_I_2012	LC018530	RV/R1.PHL/2012/TRa-379	TRa-379	I	2012	Philippines	Luzon	I	Pangasinan	San Jacinto	Canis familiaris
TRa-381_I_2012	LC018531	RV/R1.PHL/2012/TRa-381	TRa-381	I	2012	Philippines	Luzon	I	Pangasinan	Manaoag	Canis familiaris
TRa-382_I_2012	LC018532	RV/R1.PHL/2012/TRa-382	TRa-382	I	2012	Philippines	Luzon	I	La Union 	Aringay	Canis familiaris
TRa-383_I_2012	LC018533	RV/R1.PHL/2012/TRa-383	TRa-383	I	2012	Philippines	Luzon	I	Pangasinan	Sual	Canis familiaris
TRa-384_I_2012	LC018534	RV/R1.PHL/2012/TRa-384	TRa-384	I	2012	Philippines	Luzon	I	Pangasinan	San Jacinto	Canis familiaris
TRa-392_IV-B_2011	LC018535	RV/R4B.PHL/2011/TRa-392	TRa-392	IV-B	2011	Philippines	Luzon	IV-B	Romblon	Odiongan	Canis familiaris
TRa-393_IV-A_2011	LC018536	RV/R4A.PHL/2011/TRa-393	TRa-393	IV-A	2011	Philippines	Luzon	IV-A	Laguna	Calamba	Canis familiaris
TRa-394_IV-B_2011	LC018537	RV/R4B.PHL/2011/TRa-394	TRa-394	IV-B	2011	Philippines	Luzon	IV-B	Romblon	Looc	Canis familiaris
TRa-396_IV-B_2011	LC018538	RV/R4B.PHL/2011/TRa-396	TRa-396	IV-B	2011	Philippines	Luzon	IV-B	Romblon	Looc	Canis familiaris
TRa-397_IV-B_2012	LC018539	RV/R4B.PHL/2012/TRa-397	TRa-397	IV-B	2012	Philippines	Luzon	IV-B	Romblon	Odiongan	Canis familiaris
TRa-398_IV-A_2012	LC018540	RV/R4A.PHL/2012/TRa-398	TRa-398	IV-A	2012	Philippines	Luzon	IV-A	Quezon	Lucena City	Canis familiaris
TRa-400_IV-B_2012	LC018541	RV/R4B.PHL/2012/TRa-400	TRa-400	IV-B	2012	Philippines	Luzon	IV-B	Romblon	Odiongan	Canis familiaris
TRa-401_IV-A_2012	LC018542	RV/R4A.PHL/2012/TRa-401	TRa-401	IV-A	2012	Philippines	Luzon	IV-A	Batangas	San Nicolas	Canis familiaris
TRa-402_IV-B_2012	LC018543	RV/R4B.PHL/2012/TRa-402	TRa-402	IV-B	2012	Philippines	Luzon	IV-B	Romblon	Odiongan	Canis familiaris
TRa-404_IV-A_2012	LC018544	RV/R4A.PHL/2012/TRa-404	TRa-404	IV-A	2012	Philippines	Luzon	IV-A	Batangas	Tanauan	Canis familiaris
TRa-405_CAR_2013	LC018545	RV/CAR.PHL/2013/TRa-405	TRa-405	CAR	2013	Philippines	Luzon	CAR	Ifugao	Lamut	Canis familiaris
TRa-406_I_2013	LC018546	RV/R1.PHL/2013/TRa-406	TRa-406	I	2013	Philippines	Luzon	I	Ilocos sur	Santa Cruz	Canis familiaris
TRa-407_CAR_2013	LC018547	RV/CAR.PHL/2013/TRa-407	TRa-407	CAR	2013	Philippines	Luzon	CAR	Ifugao	Lamut	Canis familiaris
TRa-409_CAR_2013	LC018548	RV/CAR.PHL/2013/TRa-409	TRa-409	CAR	2013	Philippines	Luzon	CAR	Benguet	La Trinidad	Canis familiaris
TRa-421_V_2013	LC018549	RV/R5.PHL/2013/TRa-421	TRa-421	V	2013	Philippines	Luzon	V	Albay	Camalig	Canis familiaris
TRa-422_V_2013	LC018550	RV/R5.PHL/2013/TRa-422	TRa-422	V	2013	Philippines	Luzon	V	Albay	Tabaco	Canis familiaris
TRa-425_V_2013	LC018551	RV/R5.PHL/2013/TRa-425	TRa-425	V	2013	Philippines	Luzon	V	Camarines Sur	Naga City	Canis familiaris
TRa-426_V_2013	LC018552	RV/R5.PHL/2013/TRa-426	TRa-426	V	2013	Philippines	Luzon	V	Camarines Sur	Bato	Canis familiaris
TRa-427_V_2013	LC018553	RV/R5.PHL/2013/TRa-427	TRa-427	V	2013	Philippines	Luzon	V	Albay	Jovellar	Canis familiaris
TRa-429_V_2013	LC018554	RV/R5.PHL/2013/TRa-429	TRa-429	V	2013	Philippines	Luzon	V	Albay	Daraga	Canis familiaris
TRa-435_II_2013	LC018555	RV/R2.PHL/2013/TRa-435	TRa-435	II	2013	Philippines	Luzon	II	Cagayan	Piat	Canis familiaris
TRa-437_II_2013	LC018556	RV/R2.PHL/2013/TRa-437	TRa-437	II	2013	Philippines	Luzon	II	Nueva Vizcaya	Bayombong	Canis familiaris
TRa-439_II_2013	LC018557	RV/R2.PHL/2013/TRa-439	TRa-439	II	2013	Philippines	Luzon	II	Cagayan	Lasam	Canis familiaris
TRa-441_III_2013	LC018558	RV/R3.PHL/2013/TRa-441	TRa-441	III	2013	Philippines	Luzon	III	Pampanga	Macabebe	Canis familiaris
TRa-442_III_2013	LC018559	RV/R3.PHL/2013/TRa-442	TRa-442	III	2013	Philippines	Luzon	III	Bulacan	San Jose del Monte	Canis familiaris
TRa-443_III_2013	LC018560	RV/R3.PHL/2013/TRa-443	TRa-443	III	2013	Philippines	Luzon	III	Bulacan	Paombong	Canis familiaris
TRa-444_III_2013	LC018561	RV/R3.PHL/2013/TRa-444	TRa-444	III	2013	Philippines	Luzon	III	Bulacan	San Jose del Monte	Canis familiaris
TRa-445_III_2013	LC018562	RV/R3.PHL/2013/TRa-445	TRa-445	III	2013	Philippines	Luzon	III	Bulacan	San Jose del Monte	Felis catus
TRa-446_III_2013	LC018563	RV/R3.PHL/2013/TRa-446	TRa-446	III	2013	Philippines	Luzon	III	Tarlac	Concepcion	Canis familiaris
TRa-447_III_2013	LC018564	RV/R3.PHL/2013/TRa-447	TRa-447	III	2013	Philippines	Luzon	III	Bulacan	Santa Maria	Canis familiaris
TRa-448_III_2013	LC018565	RV/R3.PHL/2013/TRa-448	TRa-448	III	2013	Philippines	Luzon	III	Nueva Ecija	San Antonio	Canis familiaris
TRa-449_III_2013	LC018566	RV/R3.PHL/2013/TRa-449	TRa-449	III	2013	Philippines	Luzon	III	Bulacan	Guiguinto	Canis familiaris
TRa-450_III_2013	LC018567	RV/R3.PHL/2013/TRa-450	TRa-450	III	2013	Philippines	Luzon	III	Bulacan	San Jose del Monte	Canis familiaris
TRa-451_III_2013	LC018568	RV/R3.PHL/2013/TRa-451	TRa-451	III	2013	Philippines	Luzon	III	Bulacan	Santa Maria	Canis familiaris
TRa-452_III_2013	LC018569	RV/R3.PHL/2013/TRa-452	TRa-452	III	2013	Philippines	Luzon	III	Bulacan	Malolos	Canis familiaris
TRa-453_III_2013	LC018570	RV/R3.PHL/2013/TRa-453	TRa-453	III	2013	Philippines	Luzon	III	Pampanga	Arayat	Canis familiaris
TRa-454_III_2013	LC018571	RV/R3.PHL/2013/TRa-454	TRa-454	III	2013	Philippines	Luzon	III	Bulacan	Bulacan	Canis familiaris
TRa-455_III_2013	LC018572	RV/R3.PHL/2013/TRa-455	TRa-455	III	2013	Philippines	Luzon	III	Bulacan	Hagonoy	Canis familiaris
TRa-456_III_2013	LC018573	RV/R3.PHL/2013/TRa-456	TRa-456	III	2013	Philippines	Luzon	III	Bulacan	San Jose del Monte	Canis familiaris
TRa-457_III_2013	LC018574	RV/R3.PHL/2013/TRa-457	TRa-457	III	2013	Philippines	Luzon	III	Pampanga	Macabebe	Canis familiaris
TRa-458_III_2013	LC018575	RV/R3.PHL/2013/TRa-458	TRa-458	III	2013	Philippines	Luzon	III	Pampanga	San Fernando	Canis familiaris
TRa-459_III_2013	LC018576	RV/R3.PHL/2013/TRa-459	TRa-459	III	2013	Philippines	Luzon	III	Pampanga	Candaba	unknown
TRa-460_III_2013	LC018577	RV/R3.PHL/2013/TRa-460	TRa-460	III	2013	Philippines	Luzon	III	Nueva Ecija	San Antonio	unknown
TRa-461_III_2013	LC018578	RV/R3.PHL/2013/TRa-461	TRa-461	III	2013	Philippines	Luzon	III	Pampanga	Candaba	Canis familiaris
TRa-462_III_2013	LC018579	RV/R3.PHL/2013/TRa-462	TRa-462	III	2013	Philippines	Luzon	III	Nueva Ecija	San Jose City	Canis familiaris
TRa-463_III_2013	LC018580	RV/R3.PHL/2013/TRa-463	TRa-463	III	2013	Philippines	Luzon	III	Pampanga	Candaba	Canis familiaris
TRa-464_III_2013	LC018581	RV/R3.PHL/2013/TRa-464	TRa-464	III	2013	Philippines	Luzon	III	Bulacan	San Jose del Monte	Canis familiaris
TRa-465_III_2013	LC018582	RV/R3.PHL/2013/TRa-465	TRa-465	III	2013	Philippines	Luzon	III	Nueva Ecija	Zaragosa	Canis familiaris
TRa-466_III_2013	LC018583	RV/R3.PHL/2013/TRa-466	TRa-466	III	2013	Philippines	Luzon	III	Nueva Ecija	Talavera	Canis familiaris
TRa-486_IV-B_2013	LC018584	RV/R4B.PHL/2013/TRa-486	TRa-486	IV-B	2013	Philippines	Luzon	IV-B	Palawan	Puerto Princesa City	Canis familiaris
TRa-487_IV-B_2013	LC018585	RV/R4B.PHL/2013/TRa-487	TRa-487	IV-B	2013	Philippines	Luzon	IV-B	Palawan	Puerto Princesa City	Canis familiaris
TRa-500_CAR_2013	LC018586	RV/CAR.PHL/2013/TRa-500	TRa-500	CAR	2013	Philippines	Luzon	CAR	Mountain Province	Paracelis	Canis familiaris
TRa-503_II_2013	LC018587	RV/R2.PHL/2013/TRa-503	TRa-503	II	2013	Philippines	Luzon	II	Nueva Vizcaya	Kasilbu	Canis familiaris
TRa-504_II_2013	LC018588	RV/R2.PHL/2013/TRa-504	TRa-504	II	2013	Philippines	Luzon	II	Nueva Vizcaya	Bagabag	Canis familiaris
TRa-505_II_2013	LC018589	RV/R2.PHL/2013/TRa-505	TRa-505	II	2013	Philippines	Luzon	II	Isabela	San Mateo	Canis familiaris
TRa-506_II_2013	LC018590	RV/R2.PHL/2013/TRa-506	TRa-506	II	2013	Philippines	Luzon	II	Cagayan	Peñablanca	Canis familiaris
TRa-507_CAR_2013	LC018591	RV/CAR.PHL/2013/TRa-507	TRa-507	CAR	2013	Philippines	Luzon	CAR	Kalinga Apayao	Tabuk	Canis familiaris
Z-04-042_IV-A_2004	AB563791	RV/R4A.PHL/2004/Z-04-042	Z-04-042	IV-A	2004	Philippines	Luzon	IV-A	Cavite	Dasmariñas	Canis familiaris
Z-04-401_IV-A_2004	AB563794	RV/R4A.PHL/2004/Z-04-401	Z-04-401	IV-A	2004	Philippines	Luzon	IV-A	Rizal	Taytay	Canis familiaris
Z-04-470_IV-A_2004	AB683587	RV/R4A.PHL/2004/Z-04-470	Z-04-470	IV-A	2004	Philippines	Luzon	IV-A	Laguna	Sta. Rosa	Canis familiaris
Z-04-480_IV-A_2004	AB563797	RV/R4A.PHL/2004/Z-04-480	Z-04-480	IV-A	2004	Philippines	Luzon	IV-A	Laguna	San Pedro	Canis familiaris
Z-04-519_III_2004	AB563798	RV/R3.PHL/2004/Z-04-519	Z-04-519	III	2004	Philippines	Luzon	III	Aurora	Baler	Canis familiaris
Z-04-522_NCR_2004	AB683584	RV/NCR.PHL/2004/Z-04-522	Z-04-522	NCR	2004	Philippines	Luzon	NCR	Metro Manila	Parañaque City	Canis familiaris
Z-04-646_NCR_2004	AB733963	RV/NCR.PHL/2004/Z-04-646	Z-04-646	NCR	2004	Philippines	Luzon	NCR	Metro Manila	Parañaque City	Canis familiaris
Z-05-009_NCR_2005	AB563800	RV/NCR.PHL/2005/Z-05-009	Z-05-009	NCR	2005	Philippines	Luzon	NCR	Metro Manila	Quezon City	Canis familiaris
Z-05-090_NCR_2005	AB563803	RV/NCR.PHL/2005/Z-05-090	Z-05-090	NCR	2005	Philippines	Luzon	NCR	Metro Manila	Pasig City	Canis familiaris
Z-05-149_NCR_2005	AB563805	RV/NCR.PHL/2005/Z-05-149	Z-05-149	NCR	2005	Philippines	Luzon	NCR	Metro Manila	Pasay City	Canis familiaris
Z-05-168_NCR_2005	AB563806	RV/NCR.PHL/2005/Z-05-168	Z-05-168	NCR	2005	Philippines	Luzon	NCR	Metro Manila	Taguig City	Canis familiaris
Z-05-186_XI_2005	AB563807	RV/R11.PHL/2005/Z-05-186	Z-05-186	XI	2005	Philippines	Mindanao	XI	Davao del Sur	Davao City	Canis familiaris
Z-05-198_III_2005	AB563809	RV/R3.PHL/2005/Z-05-198	Z-05-198	III	2005	Philippines	Luzon	III	Nueva Ecija	Palayan	Canis familiaris
Z-05-373_NCR_2005	AB563812	RV/NCR.PHL/2005/Z-05-373	Z-05-373	NCR	2005	Philippines	Luzon	NCR	Metro Manila	Parañaque	Canis familiaris
Z-05-396_NCR_2005	AB563813	RV/NCR.PHL/2005/Z-05-396	Z-05-396	NCR	2005	Philippines	Luzon	NCR	Metro Manila	 Las Piñas City	Canis familiaris
Z-05-465_NCR_2005	AB563815	RV/NCR.PHL/2005/Z-05-465	Z-05-465	NCR	2005	Philippines	Luzon	NCR	Metro Manila	Pasig City	Canis familiaris
Z-05-466_NCR_2005	AB563816	RV/NCR.PHL/2005/Z-05-466	Z-05-466	NCR	2005	Philippines	Luzon	NCR	Metro Manila	Parañaque	Canis familiaris
Z-05-507_III_2005	AB563817	RV/R3.PHL/2005/Z-05-507	Z-05-507	III	2005	Philippines	Luzon	III	Bulacan	Norzagaray	Canis familiaris
Z-06-163_IV-A_2006	AB563819	RV/R4A.PHL/2006/Z-06-163	Z-06-163	IV-A	2006	Philippines	Luzon	IV-A	Laguna	Calamba	Canis familiaris
Z-06-197_IV-A_2006	AB563820	RV/R4A.PHL/2006/Z-06-197	Z-06-197	IV-A	2006	Philippines	Luzon	IV-A	Batangas	Tanauan	Canis familiaris
Z-06-203_IV-B_2006	AB563821	RV/R4B.PHL/2006/Z-06-203	Z-06-203	IV-B	2006	Philippines	Luzon	IV-B	Oriental Mindoro	No information	Canis familiaris
Z-06-222_IV-A_2006	AB563822	RV/R4A.PHL/2006/Z-06-222	Z-06-222	IV-A	2006	Philippines	Luzon	IV-A	Cavite	Trece Marteres City	Canis familiaris
Z-06-231_IV-A_2006	AB563823	RV/R4A.PHL/2006/Z-06-231	Z-06-231	IV-A	2006	Philippines	Luzon	IV-A	Cavite	Cavite City	Canis familiaris
Z-06-342_IV-A_2006	AB563824	RV/R4A.PHL/2006/Z-06-342	Z-06-342	IV-A	2006	Philippines	Luzon	IV-A	Laguna	Sta. Rosa	Canis familiaris
Z-06-348_IV-A_2006	AB563826	RV/R4A.PHL/2006/Z-06-348	Z-06-348	IV-A	2006	Philippines	Luzon	IV-A	Cavite	Dasmariñas	Canis familiaris
Z-06-357_IV-A_2006	AB563827	RV/R4A.PHL/2006/Z-06-357	Z-06-357	IV-A	2006	Philippines	Luzon	IV-A	Batangas	Calatagan	Canis familiaris
Z-06-361_IV-A_2006	AB563828	RV/R4A.PHL/2006/Z-06-361	Z-06-361	IV-A	2006	Philippines	Luzon	IV-A	Laguna	Calamba	Canis familiaris
Z-06-362_IV-A_2006	AB563829	RV/R4A.PHL/2006/Z-06-362	Z-06-362	IV-A	2006	Philippines	Luzon	IV-A	Batangas	Calatagan	Canis familiaris
Z-06-365_IV-A_2006	AB563830	RV/R4A.PHL/2006/Z-06-365	Z-06-365	IV-A	2006	Philippines	Luzon	IV-A	Cavite	Gen. Trias	Felis catus
Z-07-189_IV-A_2007	AB563832	RV/R4A.PHL/2007/Z-07-189	Z-07-189	IV-A	2007	Philippines	Luzon	IV-A	Cavite	Cavite City	Canis familiaris
Z-07-243_IV-A_2007	AB563833	RV/R4A.PHL/2007/Z-07-243	Z-07-243	IV-A	2007	Philippines	Luzon	IV-A	Cavite	Bacoor	Canis familiaris
Z-07-317_IV-A_2007	AB563836	RV/R4A.PHL/2007/Z-07-317	Z-07-317	IV-A	2007	Philippines	Luzon	IV-A	Cavite	Bacoor	Canis familiaris
Z-07-330_IV-A_2007	AB563837	RV/R4A.PHL/2007/Z-07-330	Z-07-330	IV-A	2007	Philippines	Luzon	IV-A	Cavite	Bacoor	Canis familiaris