"Accession","Strain","Country","Location","Common_name","Species_latin_binomial","Year","Major_clade","Minor_clade","Source","Reference","Coverage","Dataset","clusters"
"KX148235","01007CI","Ivory Coast","","Dog","Canis familiaris",2001,"Africa-2","","Original brain","This study","Complete genome","Kuzmin","Clust_51"
"KX148234","86036HAV","Burkina Faso","","Dog","Canis familiaris",1986,"Africa-2","","Mouse","This study","Complete genome","Kuzmin","Clust_51"
"KX148107","86097BEN","Benin","","Cat","Felis catus",1986,"Africa-2","","Original brain","This study","Complete genome","Kuzmin","Clust_51"
"EU853614","8636HAV","Burkina Faso","","Dog","Canis familiaris",1986,"Africa-2","","","[7]","N","Troupin","Clust_51"
"U22487","8660GUI","Guinea","","Dog","Canis familiaris",1986,"Africa-2","","","[7]","N","Troupin","Clust_44"
"KX148243","88003CAM","Cameroon","","Dog","Canis familiaris",1987,"Africa-2","","Original brain","This study","Complete genome","Kuzmin","Clust_50"
"KX148231","90010NIG","Niger","","Dog","Canis familiaris",1990,"Africa-2","","Original brain","This study","Complete genome","Kuzmin","Clust_51"
"KX148229","90012NIG","Niger","","Dog","Canis familiaris",1990,"Africa-2","","Original brain","This study","Complete genome","Kuzmin","Clust_51"
"KX148240","90021TCH","Chad","","Dog","Canis familiaris",1990,"Africa-2","","Original brain","This study","Complete genome","Kuzmin","Clust_50"
"KX148244","90024GUI","Guinea","","Dog","Canis familiaris",1990,"Africa-2","","Original brain","This study","Complete genome","Kuzmin","Clust_44"
"KX148232","92037CI","Ivory Coast","","Dog","Canis familiaris",1992,"Africa-2","","Original brain","This study","Complete genome","Kuzmin","Clust_51"
"KX148233","92038CI","Ivory Coast","","Dog","Canis familiaris",1992,"Africa-2","","Original brain","This study","Complete genome","Kuzmin","Clust_51"
"KX148238","93003SEN","Senegal","","Dog","Canis familiaris",1991,"Africa-2","","Original brain","This study","Complete genome","Kuzmin","Clust_51"
"KX148239","93005SEN","Senegal","","Dog","Canis familiaris",1992,"Africa-2","","Original brain","This study","Complete genome","Kuzmin","Clust_51"
"KX148236","93011MAU","Mauritania","","Dog","Canis familiaris",1993,"Africa-2","","Original brain","This study","Complete genome","Kuzmin","Clust_51"
"KX148237","93012MAU","Mauritania","","Dog","Canis familiaris",1993,"Africa-2","","Original brain","This study","Complete genome","Kuzmin","Clust_51"
"KX148242","95002CAM","Cameroon","","Dog","Canis familiaris",1994,"Africa-2","","Original brain","This study","Complete genome","Kuzmin","Clust_50"
"KX148230","95047HAV","Burkina Faso","","Dog","Canis familiaris",1995,"Africa-2","","Original brain","This study","Complete genome","Kuzmin","Clust_51"
"KX148241","96009TCH","Chad","","Dog","Canis familiaris",1996,"Africa-2","","Original brain","This study","Complete genome","Kuzmin","Clust_50"
"AF325481","CAM1-UN","Cameroon","","Dog","Canis familiaris",1988,"Africa-2","","","[19]","G","Troupin","Clust_50"
"KF977826","CAR_11_001","Central African Republic","","Human","Homo sapiens",2011,"Africa-2","","Saliva","","Complete genome","Kuzmin","Clust_50"
"KC196743","DRV_NG11","Nigeria","","Dog","Canis familiaris",2011,"Africa-2","","Original brain","","Complete genome","Kuzmin","Clust_50"
"AF325484","GUI1-DG","Guinea","","Dog","Canis familiaris",1986,"Africa-2","","","[19]","G","Troupin","Clust_44"
"AF325483","MAU1-CL","Mauritania","","Camel","Camelus dromedarius",1986,"Africa-2","","","[19]","G","Troupin","Clust_51"
"AF325480","NIG1-DG","Niger","","Dog","Canis familiaris",1990,"Africa-2","","","[19]","G","Troupin","Clust_51"
"AF369326","V461.DG","Nigeria","","Dog","Canis familiaris",1996,"Africa-2","","","[18]","P","Troupin","Clust_51"
"KX148218","14016BOT","Botswana","","Wildcat","Felis silvestris",2009,"Africa-3","","Original brain","This study","Complete genome","Kuzmin","Clust_39"
"KX148219","14017BOT","Botswana","","Honey badger","Mellivora capensis",2009,"Africa-3","","Original brain","This study","Complete genome","Kuzmin","Clust_39"
"KX148223","14018AFS","South Africa","","Feline","Und.",2000,"Africa-3","","Original brain","This study","Complete genome","Kuzmin","Clust_40"
"KX148220","15001AFS","South Africa","","Yellow mongoose","Cynictis penicillata",2013,"Africa-3","","Original brain","This study","Complete genome","Kuzmin","Clust_58"
"KX148221","15002AFS","South Africa","","Mongoose","Und.",2014,"Africa-3","","Original brain","This study","Complete genome","Kuzmin","Clust_58"
"KX148222","15003AFS","South Africa","","Ground squirrel","Xerus Inauris",2014,"Africa-3","","Original brain","This study","Complete genome","Kuzmin","Clust_57"
"AF325485","SAF1-MG","S. Africa","","Yellow mongoose","Cynictis penicillata",1987,"Africa-3","","","[19]","G","Troupin","Clust_52"
"AF369298","V046.MG","S. Africa","","Yellow mongoose","Cynictis penicillata",1990,"Africa-3","","","[18]","P","Troupin","Clust_58"
"AF369301","V050.MG","S. Africa","","Yellow mongoose","Cynictis penicillata",1990,"Africa-3","","","[18]","P","Troupin","Clust_45"
"AF369302","V264.MG","S. Africa","","Yellow mongoose","Cynictis penicillata",1995,"Africa-3","","","[18]","P","Troupin","Clust_40"
"AF467949","","South Africa","","Yellow mongoose","Cynictis penicillata",NA,"Africa-3","","","Jacob et al., unpublished","N","Troupin","Clust_41"
"JQ685988","A10-1431","NH","","Red fox","Vulpes vulpes",NA,"Arctic","A","Original brain","Troupin","G","Troupin","Clust_43"
"JQ944707","1410KOM","Russia","","Deer","Und.",2008,"Arctic","A","Original brain","Chupin et al. unpublished","Complete genome","Kuzmin","Clust_43"
"AY352487","483a","Human","Yakutia","Arctic fox","Vulpes lagopus",1986,"Arctic","A","Mouse","[5]; this study","N","Troupin","Clust_43"
"JQ685982","483a","Russia","Yakutia","Arctic fox","Vulpes lagopus",1986,"Arctic","A","Mouse","[5]; this study","G","Troupin","Clust_43"
"KX148105","86083GRO","Greenland","","Dog","Canis familiaris",1980,"Arctic","A","Mouse","This study","Complete genome","Kuzmin","Clust_43"
"KX148224","91004USA","USA","","Striped skunk","Mephitis mephitis",1991,"Arctic","A","Original brain","This study","Complete genome","Kuzmin","Clust_43"
"KX148106","91005USA","USA","","Red fox","Vulpes vulpes",1990,"Arctic","A","Original brain","This study","Complete genome","Kuzmin","Clust_43"
"EF611853","A0905","USA","AK","Dog","Canis familiaris",2006,"Arctic","A","Original brain","[11]; this study","N","Troupin","Clust_43"
"JQ685980","A0905","USA","AK","Dog","Canis familiaris",2006,"Arctic","A","Original brain","[11]; this study","G","Troupin","Clust_43"
"JQ685990","Fox-9064","NH","","Red fox","Vulpes vulpes",NA,"Arctic","A","Original brain","Troupin","G","Troupin","Clust_43"
"AF369265","ONT1.RFX","Canada","","Striped skunk","Mephitis mephitis",1991,"Arctic","A","","[18]","P","Troupin","Clust_43"
"AF369266","ONT2.RFX","Canada","","Red fox","Vulpes vulpes",1990,"Arctic","A","","[18]","P","Troupin","Clust_43"
"EF437215","NNV_RAB_H","India","","Human","Homo sapiens",2006,"Arctic","AL1a","Original brain","Desai et al., unpublished","Complete genome","Troupin","Clust_54"
"HE802675","Pk_23","Pakistan","","Cow","Bos taurus",2010,"Arctic","AL1a","Mouse","Hussain et al. unpublished","Complete genome","Kuzmin","Clust_54"
"AY352493","rv61","UK (via India)","","Human","Homo sapiens",1987,"Arctic","AL1a","Mouse","[5]; this study","N","Troupin","Clust_54"
"JQ685981","rv61","UK (via India)","","Human","Homo sapiens",1987,"Arctic","AL1a","Mouse","[5]; this study","G","Troupin","Clust_54"
"KF154996","RV61","India","","Human","Homo sapiens",1987,"Arctic","AL1a","Mouse","","Complete genome","Kuzmin","Clust_54"
"AY956319","Serotype_1","Germany (via India)","","Human","Homo sapiens",2004,"Arctic","AL1a","Saliva?","Pfefferle et al., unpublished","Complete genome","Troupin","Clust_54"
"AF369330","V458.DG","India","","Cow","Bos taurus",1991,"Arctic","AL1a","","[18]","P","Troupin","Clust_54"
"KX148225","02052AFG","Afghanistan","","Dog","Canis familiaris",2002,"Arctic","AL1b","Original brain","This study","Complete genome","Kuzmin","Clust_53"
"KX148227","04029AFG","Afghanistan","","Dog","Canis familiaris",2004,"Arctic","AL1b","Original brain","This study","Complete genome","Kuzmin","Clust_53"
"KX148226","04035AFG","Afghanistan","","Dog","Canis familiaris",2002,"Arctic","AL1b","Original brain","This study","Complete genome","Kuzmin","Clust_53"
"HE802676","Pk_24","Pakistan","","Cow","Bos taurus",2007,"Arctic","AL1b","Mouse","Hussain et al. unpublished","Complete genome","Kuzmin","Clust_53"
"KC171643","08F40","South Korea","","Cattle","Bos taurus",2008,"Arctic","AL2","Original brain","","Complete genome","Kuzmin","Clust_47"
"AY352459","304c","Russia","Tyva","Corsac fox","Vulpes corsac",1977,"Arctic","AL2","Mouse","[5]; this study","N","Troupin","Clust_42"
"JQ685983","304c","Russia","Tyva","Corsac fox","Vulpes corsac",1977,"Arctic","AL2","Mouse","[5]; this study","G","Troupin","Clust_46"
"KC171644","BD0406CC","South Korea","","Raccoon dog","Nyctereutes procyonoides",2004,"Arctic","AL2","Original brain","","Complete genome","Kuzmin","Clust_47"
"KC171645","BV9901PJ","South Korea","","Raccoon dog","Nyctereutes procyonoides",1999,"Arctic","AL2","Original brain","","Complete genome","Kuzmin","Clust_47"
"KM272192","CQH1202D","China","","Dog","Canis familiaris",2012,"Arctic","AL2","","Guo et al. unpublished","Complete genome","Kuzmin","Clust_46"
"AF369284","RU9.RD","Russia","","Raccoon dog","Nyctereutes procyonoides",1988,"Arctic","AL2","","[18]","P","Troupin","Clust_47"
"KX148228","99001NEP","Nepal","","Dog","Canis familiaris",1998,"Arctic","AL3","Original brain","This study","Complete genome","Kuzmin","Clust_48"
"AF369317","V121.DG","Nepal","","Dog","Canis familiaris",1989,"Arctic","AL3","","[18]","P","Troupin","Clust_48"
"KX148267","02050CHI","China","","Human","Homo sapiens",1992,"Asian","SEA1a","Mouse","This study","Complete genome","Kuzmin","Clust_60"
"GU345746","CQ92","China","","Dog","Canis familiaris",1992,"Asian","SEA1a","","Meng et al.,unpublished","Complete genome","Troupin","Clust_60"
"GU345747","RV_J","China","","Human","Homo sapiens",1986,"Asian","SEA1a","","Meng et al., unpublished","Complete genome","Troupin","Clust_60"
"KX148266","03003INDO","Indonesia","","Dog","Canis familiaris",2003,"Asian","SEA1b","Mouse","This study","Complete genome","Kuzmin","Clust_65"
"EU086146","05005CHI","China","","Dog","Canis familiaris",2005,"Asian","SEA1b","","[10]","G","Troupin","Clust_81"
"KX148265","98011CHI","China","","Dog","Canis familiaris",1998,"Asian","SEA1b","Original brain","This study","Complete genome","Kuzmin","Clust_81"
"JQ423952","BJ2011E","China","","Horse","Equus ferus",2011,"Asian","SEA1b","","Chen et al. unpublished","Complete genome","Kuzmin","Clust_81"
"JQ970481","CJS0621D","China","","Dog","Canis familiaris",2006,"Asian","SEA1b","Original brain","Tang et al. unpublished","Complete genome","Kuzmin","Clust_81"
"JQ970482","CJS0636D","China","","Dog","Canis familiaris",2006,"Asian","SEA1b","Original brain","Tang et al. unpublished","Complete genome","Kuzmin","Clust_81"
"JQ970483","CJS0848D","China","","Dog","Canis familiaris",2008,"Asian","SEA1b","Original brain","Tang et al. unpublished","Complete genome","Kuzmin","Clust_81"
"JQ970484","CJX0903D","China","","Dog","Canis familiaris",2009,"Asian","SEA1b","Original brain","Tang et al. unpublished","Complete genome","Kuzmin","Clust_81"
"JQ970485","CJX0906D","China","","Dog","Canis familiaris",2009,"Asian","SEA1b","Original brain","Tang et al. unpublished","Complete genome","Kuzmin","Clust_80"
"KC193267","CNM1101C","China","","Cow","Bos taurus",2011,"Asian","SEA1b","Original brain","Yin et al. unpublished","Complete genome","Kuzmin","Clust_81"
"KC252634","CNM1104D","China","","Dog","Canis familiaris",2011,"Asian","SEA1b","Original brain","Yin et al. unpublished","Complete genome","Kuzmin","Clust_81"
"JQ970486","CSD0708D","China","","Dog","Canis familiaris",2007,"Asian","SEA1b","Original brain","Tang et al. unpublished","Complete genome","Kuzmin","Clust_81"
"JQ970487","CSX0904D","China","","Dog","Canis familiaris",2009,"Asian","SEA1b","Original brain","Tang et al. unpublished","Complete genome","Kuzmin","Clust_81"
"HQ450385","DRV_AH08","China","","Dog","Canis familiaris",2008,"Asian","SEA1b","Mouse","","Complete genome","Kuzmin","Clust_81"
"FJ866835","FJ008","China","","Dog","Canis familiaris",2008,"Asian","SEA1b","","Zhang et al., unpublished","Complete genome","Troupin","Clust_81"
"FJ866836","FJ009","China","","Dog","Canis familiaris",2008,"Asian","SEA1b","","Zhang et al. unpublished","Complete genome","Kuzmin","Clust_81"
"JN609295","FJDRV","China","","Dog","Canis familiaris",2008,"Asian","SEA1b","","Qi unpublished","Complete genome","Kuzmin","Clust_81"
"KC169986","GXHXN","China","","Cow","Bos taurus",2009,"Asian","SEA1b","Original brain","","Complete genome","Kuzmin","Clust_74"
"KJ564280","IMDRV_13","China","","Fallow deer","Dama dama",2013,"Asian","SEA1b","Original brain","","Complete genome","Kuzmin","Clust_81"
"KC762941","JX09_17","China","","Ferret badger","Melogale moschata",2009,"Asian","SEA1b","Original brain","","Complete genome","Kuzmin","Clust_80"
"KF726853","JX10_37","China","","Ferret badger","Melogale moschata",2010,"Asian","SEA1b","Original brain","","Complete genome","Kuzmin","Clust_70"
"KJ004416","JZ13_Lv","China","","Human","Homo sapiens",2013,"Asian","SEA1b","","Wang et al. unpublished","Complete genome","Kuzmin","Clust_81"
"GU345748","SH06","China","","Dog","Canis familiaris",2006,"Asian","SEA1b","","Meng et al., unpublished","Complete genome","Troupin","Clust_81"
"KC977995","Shaanxi_HZ","China","","Dog","Canis familiaris",2009,"Asian","SEA1b","","","Complete genome","Kuzmin","Clust_81"
"JQ647510","WH11","China","","Donkey","Equus asinus",2011,"Asian","SEA1b","Original brain","","Complete genome","Kuzmin","Clust_81"
"FJ712194","","China","","Dog","Canis familiaris",2008,"Asian","SEA1b","","[2]","Complete genome","Troupin","Clust_81"
"EU086144","02046CHI","China","","Dog","Canis familiaris",1994,"Asian","SEA2a","","[10]","G","Troupin","Clust_76"
"KX148264","02046CHI","China","","Dog","Canis familiaris",1994,"Asian","SEA2a","Mouse","This study","Complete genome","Kuzmin","Clust_76"
"JQ970480","CHN0802D","China","","Dog","Canis familiaris",2008,"Asian","SEA2a","Original brain","Tang et al. unpublished","Complete genome","Kuzmin","Clust_76"
"JX088694","GD_SH_01","China","","Pig","Sus domesticus",2011,"Asian","SEA2a","Original brain","-10","Complete genome","Kuzmin","Clust_76"
"GU358653","GX4","China","","Dog","Canis familiaris",1994,"Asian","SEA2a","","Li et al., unpublished","Complete genome","Troupin","Clust_76"
"EU643590","HN10","China","","Human","Homo sapiens",2006,"Asian","SEA2a","","[12]","Complete genome","Troupin","Clust_76"
"FJ712195","F02","China","","Ferret badger","Melogale moschata",2008,"Asian","SEA2b","Original brain","[2]","Complete genome","Troupin","Clust_75"
"FJ712196","F04","China","","Ferret badger","Melogale moschata",2008,"Asian","SEA2b","","[2]","Complete genome","Troupin","Clust_75"
"GU647092","JX08_45","China","","Ferret badger","Melogale moschata",2008,"Asian","SEA2b","","Zhao et al. unpublished","Complete genome","Kuzmin","Clust_75"
"KF726852","JX09_18","China","","Ferret badger","Melogale moschata",2009,"Asian","SEA2b","Original brain","","Complete genome","Kuzmin","Clust_75"
"KX148254","01016VNM","Viet Nam","","Dog","Canis familiaris",2001,"Asian","SEA3","Original brain","This study","Complete genome","Kuzmin","Clust_83"
"KX148261","01016VNM","Vietnam","","Dog","Canis familiaris",2001,"Asian","SEA3","Mouse","This study","Complete genome","Kuzmin","Clust_66"
"KX148258","02003LAO","Laos","","Dog","Canis familiaris",2002,"Asian","SEA3","Original brain","This study","Complete genome","Kuzmin","Clust_83"
"KX148256","02004LAO","Laos","","Dog","Canis familiaris",2002,"Asian","SEA3","Original brain","This study","Complete genome","Kuzmin","Clust_83"
"KX148257","02005LAO","Laos","","Dog","Canis familiaris",2002,"Asian","SEA3","Original brain","This study","Complete genome","Kuzmin","Clust_83"
"KX148249","02006CBG","Cambodia","","Dog","Canis familiaris",1998,"Asian","SEA3","Original brain","This study","Complete genome","Kuzmin","Clust_83"
"EU293111","8764THA","Thailand","","Human","Homo sapiens",1983,"Asian","SEA3","Mouse","[3]","Complete genome","Troupin","Clust_82"
"KX148252","99008CBG","Cambodia","","Dog","Canis familiaris",1999,"Asian","SEA3","Original brain","This study","Complete genome","Kuzmin","Clust_83"
"KX148247","99009BIR","Myanmar","","Dog","Canis familiaris",1999,"Asian","SEA3","Original brain","This study","Complete genome","Kuzmin","Clust_72"
"KX148255","99010LAO","Laos","","Dog","Canis familiaris",1999,"Asian","SEA3","Original brain","This study","Complete genome","Kuzmin","Clust_83"
"KX148251","99011CBG","Cambodia","","Dog","Canis familiaris",1998,"Asian","SEA3","Original brain","This study","Complete genome","Kuzmin","Clust_83"
"KX148253","99012CBG","Cambodia","","Dog","Canis familiaris",1998,"Asian","SEA3","Original brain","This study","Complete genome","Kuzmin","Clust_83"
"KX148248","99015BIR","Myanmar","","Dog","Canis familiaris",1999,"Asian","SEA3","Original brain","This study","Complete genome","Kuzmin","Clust_72"
"KX148250","99016CBG","Cambodia","","Dog","Canis familiaris",1999,"Asian","SEA3","Original brain","This study","Complete genome","Kuzmin","Clust_83"
"EU086152","9910LAO","Laos","","Dog","Canis familiaris",1999,"Asian","SEA3","","[10]","G","Troupin","Clust_83"
"JQ730682","CYN1009D","China","","Dog","Canis familiaris",2010,"Asian","SEA3","Original brain","Troupin","Complete genome","Kuzmin","Clust_77"
"AB981663","Lao2","Laos","","Dog","Canis familiaris",2011,"Asian","SEA3","Original brain","","Complete genome","Kuzmin","Clust_83"
"AB981664","Lao4","Laos","","Dog","Canis familiaris",2011,"Asian","SEA3","Original brain","","Complete genome","Kuzmin","Clust_83"
"AF325487","MAL1-HM","Malaysia","","Human","Homo sapiens",1985,"Asian","SEA3","","[19]","G","Troupin","Clust_67"
"JN786877","QS_05","Thailand","","Dog","Canis familiaris",NA,"Asian","SEA3","Mouse","","Complete genome","Kuzmin","Clust_83"
"EU086155","04030PHI","Philippines","","Human","Homo sapiens",2004,"Asian","SEA4","","[10]","G","Troupin","Clust_66"
"EU086205","04030PHI","Philippines","","Dog","Canis familiaris",2004,"Asian","SEA4","","[10]","N","Troupin","Clust_66"
"KX148260","04030PHI","Philippines","","Dog","Canis familiaris",2004,"Asian","SEA4","Mouse","This study","Complete genome","Kuzmin","Clust_66"
"KX148259","94272PHI","Philippines","","Dog","Canis familiaris",1994,"Asian","SEA4","Original brain","This study","Complete genome","Kuzmin","Clust_66"
"KX148263","94275PHI","Philippines","","Dog","Canis familiaris",1994,"Asian","SEA4","Original brain","This study","Complete genome","Kuzmin","Clust_66"
"KX148262","94278PHI","Philippines","","Dog","Canis familiaris",1994,"Asian","SEA4","Original brain","This study","Complete genome","Kuzmin","Clust_66"
"KX148261","94281PHI","Philippines","","Dog","Canis familiaris",1994,"Asian","SEA4","Original brain","This study","Complete genome","Kuzmin","Clust_66"
"KF620487","R2012_26","Taiwan","","Ferret badger","Melogale moschata",2012,"Asian","SEA5","Original brain","","Complete genome","Kuzmin","Clust_71"
"KF620488","R2012_88","Taiwan","","Ferret badger","Melogale moschata",2012,"Asian","SEA5","Original brain","","Complete genome","Kuzmin","Clust_71"
"KF620489","R2013_01","Taiwan","","Ferret badger","Melogale moschata",2013,"Asian","SEA5","Original brain","","Complete genome","Kuzmin","Clust_71"
"JQ686006","WR93-1654","USA","AZ","Pallid bat","Antrozous pallidus",1993,"Bats","AP","Original brain","Troupin","G","Troupin","Clust_68"
"JQ685971","AZ3003","USA","AZ","Pallid bat","Antrozous pallidus",2009,"Bats","AZ","N-P-M-G - original brain; L and termini - mouse","Troupin","Complete genome","Troupin","Clust_68"
"KX148100","09035FRA","French Guiana","","Bat","Phyllostomidae stenodermatinae",2009,"Bats","DR","Original brain","This study","Complete genome","Kuzmin","Clust_98"
"JQ685936","3634DR","Mexico","","Cow","Bos taurus",2009,"Bats","DR","Mouse","This study","N, P, M, G, L","Troupin","Clust_99"
"JQ685953","3645DR","Mexico","","Human","Homo sapiens",2009,"Bats","DR","mouse","This study","Complete genome","Troupin","Clust_96"
"KX148109","86117BRE","Brazil","","Dog","Canis familiaris",1986,"Bats","DR","Original brain","This study","Complete genome","Kuzmin","Clust_98"
"KX148268","90001FRA","French Guiana","","Dog","Canis familiaris",1990,"Bats","DR","Original brain","This study","Complete genome","Kuzmin","Clust_98"
"AB519641","BR_AL1","Brazil","","Great fruit-eating bat","Artibeus lituratus",1998,"Bats","DR","Original brain","","Complete genome","Kuzmin","Clust_98"
"AB519642","BR_DR1","Brazil","","Common vampire bat","Desmodus rotundus",2000,"Bats","DR","Original brain","","Complete genome","Kuzmin","Clust_98"
"AB247428","BR-DR8","Brazil","","Common vampire bat","Desmodus rotundus",NA,"Bats","DR","","Sato, unpublished","G","Troupin","Clust_98"
"AF351849","TB1","USA","TX","Mexican free-tailed bat","Tadarida brasiliensis",NA,"Bats","DR","","[15]","N","Troupin","Clust_95"
"AF369359","V235.FTB","USA","TX","Mexican free-tailed bat","Tadarida brasiliensis",1994,"Bats","DR","","[18]","P","Troupin","Clust_95"
"JQ685963","Coati -3639","Mexico","Cancun","Coati","Nasua narica",2009,"Bats","DR","Mouse","Troupin","Complete genome","Troupin","Clust_94"
"JQ685905","FL385","USA","FL","Mexican free-tailed bat","Tadarida brasiliensis",2003,"Bats","TB","N-P-M-G - original brain; L and termini - mouse","This study","Complete genome","Troupin","Clust_95"
"AY039226","136","USA","RA","Big brown bat","Eptesicus fuscus",1984,"Bats","EF-E1","","[17]","N","Troupin","Clust_61"
"JQ686010","A11-6191","USA","WV","","Fox (unidentified)",2011,"Bats","EF-E1","Original brain","Troupin","G","Troupin","Clust_61"
"AF369338","058.BBB","Canada","","Big brown bat","Eptesicus fuscus",1993,"Bats","EF-E1","","[18]","P","Troupin","Clust_61"
"JQ685920","EF","USA","PA","Big brown bat","Eptesicus fuscus",1984,"Bats","EF-E1","mouse","This study","Complete genome","Troupin","Clust_61"
"AF351859","EF57","Canada","ONT","Big brown bat","Eptesicus fuscus",1997,"Bats","EF-E1","","[15]","N","Troupin","Clust_61"
"AF351860","EF71","USA","CT","Big brown bat","Eptesicus fuscus",1998,"Bats","EF-E1","","[15]","N","Troupin","Clust_61"
"AF351854","EF72","USA","CT","Big brown bat","Eptesicus fuscus",1998,"Bats","EF-E1","","[15]","N","Troupin","Clust_61"
"JQ686002","VS120-109","USA","NC","Big brown bat","Eptesicus fuscus",2010,"Bats","EF-E1","Original brain","Troupin","G","Troupin","Clust_61"
"AY039229","132","USA","PA","Big brown bat","Eptesicus fuscus",1972,"Bats","EF-E2","","[17]","N","Troupin","Clust_62"
"AY039227","906","USA","WA","Big brown bat","Eptesicus fuscus",1986,"Bats","EF-E2","","[17]","N","Troupin","Clust_62"
"JQ685996","A09-2561","USA","IA","Big brown bat","Eptesicus fuscus",2010,"Bats","EF-E2","Original brain","Troupin","G","Troupin","Clust_62"
"AF369339","2994.BBB","Canada","","Big brown bat","Eptesicus fuscus",1993,"Bats","EF-E2","","[18]","P","Troupin","Clust_62"
"AF369350","4805.BBB","Canada","","Big brown bat","Eptesicus fuscus",1995,"Bats","EF-E2","","[18]","P","Troupin","Clust_62"
"AF351855","EF19","Canada","ALTA","Big brown bat","Eptesicus fuscus",1991,"Bats","EF-E2","","[15]","N","Troupin","Clust_62"
"AF351861","EF3","Canada","ON","Big brown bat","Eptesicus fuscus",1972,"Bats","EF-E2","","[15]","N","Troupin","Clust_62"
"AF351861","EF3","Canada","ONT","Big brown bat","Eptesicus fuscus",1972,"Bats","EF-E2","","[15]","N","Troupin","Clust_62"
"AF351831","EF31","Canada","SASK","Big brown bat","Eptesicus fuscus",1989,"Bats","EF-E2","","[15]","N","Troupin","Clust_62"
"AF351832","EF34","Canada","BC","Big brown bat","Eptesicus fuscus",1972,"Bats","EF-E2","","[15]","N","Troupin","Clust_62"
"AF351862","EF40","Canada","ON","Big brown bat","Eptesicus fuscus",1995,"Bats","EF-E2","","[15]","N","Troupin","Clust_62"
"AF369340","V084.BBB","Canada","","Big brown bat","Eptesicus fuscus",1989,"Bats","EF-E2","","[18]","P","Troupin","Clust_62"
"AF369355","V151.BBB","Canada","","Big brown bat","Eptesicus fuscus",1989,"Bats","EF-E2","","[18]","P","Troupin","Clust_62"
"AF369357","V170.BBB","Canada","","Big brown bat","Eptesicus fuscus",1993,"Bats","EF-E2","","[18]","P","Troupin","Clust_62"
"JQ685925","waef03","USA","WA","Big brown bat","Eptesicus fuscus",2004,"Bats","EF-E2","N-P-M-G - original brain; L and termini - mouse","This study","Complete genome","Troupin","Clust_62"
"JQ685934","2401","USA","AZ/Flagstaff","Gray Fox","Urocyon cinereoargenteus",2009,"Bats","EF-W1","Original brain","This study","Complete genome","Troupin","Clust_86"
"JQ685898","A093500","USA","AZ/Flagstaff","Big brown bat","Eptesicus fuscus",2009,"Bats","EF-W1","N-P-M-G - original brain; L and termini - mouse","This study","Complete genome","Troupin","Clust_86"
"JQ685961","AZ10-140","AZ/Flagstaff","","Big brown bat","Eptesicus fuscus",2010,"Bats","EF-W1","N-P-M-G - original brain; L and termini - mouse","Troupin","Complete genome","Troupin","Clust_86"
"JQ685913","AZBAT-6763","USA","AZ","Big brown bat","Eptesicus fuscus",1985,"Bats","EF-W1","Mouse","This study","Complete genome","Troupin","Clust_86"
"JQ685956","AZBAT-7453","USA","AZ","Big brown bat","Eptesicus fuscus",1975,"Bats","EF-W1","Mouse","Troupin","Complete genome","Troupin","Clust_86"
"JQ685909","CA100","USA","CA","Big brown bat","Eptesicus fuscus",2005,"Bats","EF-W1","N-P-M-G - original brain; L and termini - mouse","This study","Complete genome","Troupin","Clust_86"
"JQ685917","CO-Coyot-2010","USA","CO","Coyote","Canis latrans",2010,"Bats","EF-W1","Original brain","This study","Complete genome","Troupin","Clust_86"
"JQ685941","SM1545","USA","AZ/Flagstaff","Striped skunk","Mephitis mephitis",2005,"Bats","EF-W1","Original brain","This study","Complete genome","Troupin","Clust_86"
"JQ685974","SM3844","USA","AZ/Flagstaff","Big brown bat","Eptesicus fuscus",1995,"Bats","EF-W1","N-P-M-G - original brain; L and termini - mouse","Troupin","Complete genome","Troupin","Clust_86"
"JQ685907","SM3849","USA","AZ/Flagstaff","Big brown bat","Eptesicus fuscus",1996,"Bats","EF-W1","N-P-M-G - original brain; L and termini - mouse","This study","Complete genome","Troupin","Clust_86"
"JQ685946","SM4862","USA","AZ/Flagstaff","Big brown bat","Eptesicus fuscus",1999,"Bats","EF-W1","N-P-M-G - original brain; L and termini - mouse","This study","Complete genome","Troupin","Clust_86"
"JQ685923","SM4871","USA","AZ/Flagstaff","Big brown bat","Eptesicus fuscus",1999,"Bats","EF-W1","N-P-M-G - original brain; L and termini - mouse","This study","Complete genome","Troupin","Clust_86"
"JQ685960","SM4872","USA","AZ/Flagstaff","Big brown bat","Eptesicus fuscus",2001,"Bats","EF-W1","Original brain","Troupin","Complete genome","Troupin","Clust_86"
"JQ685932","SM5076","USA","AZ/Flagstaff","Striped skunk","Mephitis mephitis",2001,"Bats","EF-W1","Original brain","This study","Complete genome","Troupin","Clust_86"
"JQ685911","SM5077","USA","AZ/Flagstaff","Striped skunk","Mephitis mephitis",2001,"Bats","EF-W1","Original brain","This study","Complete genome","Troupin","Clust_86"
"JQ685893","SM5079","USA","AZ/Flagstaff","Striped skunk","Mephitis mephitis",2001,"Bats","EF-W1","Original brain","This study","Complete genome","Troupin","Clust_86"
"JQ685904","SM5081","USA","AZ/Flagstaff","Striped skunk","Mephitis mephitis",2001,"Bats","EF-W1","Original brain","This study","Complete genome","Troupin","Clust_86"
"JQ685940","SM5100","USA","AZ/Flagstaff","Striped skunk","Mephitis mephitis",2001,"Bats","EF-W1","Original brain","This study","Complete genome","Troupin","Clust_86"
"JQ685958","SM5101","USA","AZ/Flagstaff","Striped skunk","Mephitis mephitis",2001,"Bats","EF-W1","Original brain","Troupin","Complete genome","Troupin","Clust_86"
"JQ685969","SM5440","USA","AZ/Flagstaff","Striped skunk","Mephitis mephitis",2001,"Bats","EF-W1","Original brain","Troupin","Complete genome","Troupin","Clust_86"
"JQ685962","SM5441","USA","AZ/Flagstaff","Striped skunk","Mephitis mephitis",2001,"Bats","EF-W1","Original brain","Troupin","Complete genome","Troupin","Clust_86"
"JQ685897","SM5442","USA","","Big brown bat","Eptesicus fuscus",2001,"Bats","EF-W1","N-P-M-G - original brain; L and termini - mouse","This study","Complete genome","Troupin","Clust_86"
"JQ685959","SM5451","USA","AZ/Flagstaff","Striped skunk","Mephitis mephitis",2001,"Bats","EF-W1","Original brain","Troupin","Complete genome","Troupin","Clust_86"
"JQ685933","SM5950","USA","AZ/Flagstaff","Gray Fox","Urocyon cinereoargenteus",2004,"Bats","EF-W1","Original brain","This study","Complete genome","Troupin","Clust_86"
"JQ685945","SM6709","USA","AZ/Flagstaff","Cat","Felis catus",2005,"Bats","EF-W1","Original brain","This study","Complete genome","Troupin","Clust_86"
"JQ685908","1060","USA","AZ/Flagstaff","Gray Fox","Urocyon cinereoargenteus",2009,"Bats","EF-W1","Original brain","This study","N, P, M, G, L","Troupin","Clust_86"
"JQ685972","2395","USA","AZ/Flagstaff","Gray Fox","Urocyon cinereoargenteus",2009,"Bats","EF-W1","Original brain","Troupin","N, P, M, G, L","Troupin","Clust_86"
"JQ685937","2396","USA","AZ/Flagstaff","Ring-tailed cat","Bassariscus astutus",2009,"Bats","EF-W1","Original brain","This study","N, P, M, G, L","Troupin","Clust_86"
"JQ685892","2398","USA","AZ/Flagstaff","Gray Fox","Urocyon cinereoargenteus",2009,"Bats","EF-W1","Original brain","This study","N, P, M, G, L","Troupin","Clust_86"
"JQ685939","2399","USA","AZ/Flagstaff","Gray Fox","Urocyon cinereoargenteus",2009,"Bats","EF-W1","Original brain","This study","N, P, M, G, L","Troupin","Clust_86"
"JQ685912","2400","USA","AZ/Flagstaff","Gray Fox","Urocyon cinereoargenteus",2009,"Bats","EF-W1","Original brain","This study","N, P, M, G, L","Troupin","Clust_86"
"JQ685896","2402","USA","AZ/Flagstaff","Gray Fox","Urocyon cinereoargenteus",2009,"Bats","EF-W1","Original brain","This study","N, P, M, G, L","Troupin","Clust_86"
"JQ685928","2403","USA","AZ/Flagstaff","Gray Fox","Urocyon cinereoargenteus",2009,"Bats","EF-W1","Original brain","This study","N, P, M, G, L","Troupin","Clust_86"
"JQ685976","2526","USA","AZ/Flagstaff","Gray Fox","Urocyon cinereoargenteus",2009,"Bats","EF-W1","Original brain","Troupin","N, P, M, G, L","Troupin","Clust_86"
"JQ685950","A093504","USA","AZ/Flagstaff","Big brown bat","Eptesicus fuscus",2009,"Bats","EF-W1","N-P-M-G - original brain; L and termini - mouse","This study","Complete genome","Troupin","Clust_86"
"JQ685951","AZ10-144","AZ/Flagstaff","","Big brown bat","Eptesicus fuscus",2010,"Bats","EF-W1","N-P-M-G - original brain; L and termini - mouse","This study","N, P, M, G, L","Troupin","Clust_86"
"JQ685926","AZ2408","USA","AZ/Flagstaff","Big brown bat","Eptesicus fuscus",2005,"Bats","EF-W1","Original brain","This study","N, P, M, G, L","Troupin","Clust_86"
"JQ685935","SM5074","USA","AZ/Flagstaff","Striped skunk","Mephitis mephitis",2001,"Bats","EF-W1","Original brain","This study","N, P, M, G, L","Troupin","Clust_86"
"JQ685949","SM5075","USA","AZ/Flagstaff","Striped skunk","Mephitis mephitis",2001,"Bats","EF-W1","Original brain","This study","N, P, M, G, L","Troupin","Clust_86"
"JQ685927","SM5080","USA","AZ/Flagstaff","Striped skunk","Mephitis mephitis",2001,"Bats","EF-W1","Original brain","This study","N, P, M, G, L","Troupin","Clust_86"
"JQ685906","SM5102","USA","AZ/Flagstaff","Striped skunk","Mephitis mephitis",2001,"Bats","EF-W1","Original brain","This study","N, P, M, G, L","Troupin","Clust_86"
"JQ685930","SM5103","USA","AZ/Flagstaff","Striped skunk","Mephitis mephitis",2001,"Bats","EF-W1","Original brain","This study","N, P, M, G, L","Troupin","Clust_86"
"AY170413","SM5450","USA","AZ/Flagstaff","Big brown bat","Eptesicus fuscus",2001,"Bats","EF-W1","Original brain","[1]","N","Troupin","Clust_86"
"JQ685966","SM5470","USA","AZ/Flagstaff","Striped skunk","Mephitis mephitis",2001,"Bats","EF-W1","Original brain","Troupin","Complete genome","Troupin","Clust_86"
"JQ685964","SM5596","USA","AZ/Flagstaff","Striped skunk","Mephitis mephitis",2004,"Bats","EF-W1","Original brain","Troupin","Complete genome","Troupin","Clust_86"
"AF369342","V230.BBB","USA","TX","Big brown bat","Eptesicus fuscus",1994,"Bats","EF-W1","","[18]","P","Troupin","Clust_86"
"JQ685973","A11-1043","USA","OR","Coyote","Canis latrans",2011,"Bats","EF-W2","Original brain","Troupin","Complete genome","Troupin","Clust_93"
"JQ685942","AZBAT-65094","USA","AZ","Big brown bat","Eptesicus fuscus",1981,"Bats","EF-W2","Mouse","This study","Complete genome","Troupin","Clust_92"
"JQ685903","ca04148","USA","CA","Big brown bat","Eptesicus fuscus",2004,"Bats","EF-W2","N-P-M-G - original brain; L and termini - mouse","This study","Complete genome","Troupin","Clust_93"
"JQ685931","WA0173","USA","WA","Big brown bat","Eptesicus fuscus",2000,"Bats","EF-W2","N-P-M-G - original brain; L and termini - mouse","This study","Complete genome","Troupin","Clust_93"
"AF394887","804","USA","CA","Big brown bat","Eptesicus fuscus",1987,"Bats","EF-W2","","[17]","N","Troupin","Clust_93"
"AF351830","EF22","Canada","BC","Big brown bat","Eptesicus fuscus",1988,"Bats","EF-W2","","[15]","N","Troupin","Clust_93"
"JQ685948","OR05455","USA","OR","Gray Fox","Urocyon cinereoargenteus",2010,"Bats","EF-W2","Original brain","This study","Complete genome","Troupin","Clust_93"
"JQ685977","OR58","USA","OR","Gray Fox","Urocyon cinereoargenteus",2010,"Bats","EF-W2","Original brain","Troupin","N, P, M, G, L","Troupin","Clust_93"
"JQ685914","OR703","USA","OR","Gray Fox","Urocyon cinereoargenteus",2010,"Bats","EF-W2","Original brain","This study","N, P, M, G, L","Troupin","Clust_93"
"JQ685924","OR704","USA","OR","Gray Fox","Urocyon cinereoargenteus",2010,"Bats","EF-W2","Original brain","This study","N, P, M, G, L","Troupin","Clust_93"
"AF369341","V078.BBB","Canada","","Big brown bat","Eptesicus fuscus",1988,"Bats","EF-W2","","[18]","P","Troupin","Clust_93"
"GU644683","wa1043","USA","WA","Big brown bat","Eptesicus fuscus",2003,"Bats","EF-W2","Original brain","[16]","N","Troupin","Clust_93"
"GU644851","wa1086","USA","WA","Big brown bat","Eptesicus fuscus",2003,"Bats","EF-W2","Original brain","[16]","N","Troupin","Clust_93"
"GU644682","wa267","USA","WA","Big brown bat","Eptesicus fuscus",2000,"Bats","EF-W2","Original brain","[16]","N","Troupin","Clust_93"
"AB383168","BR-EF1","Brazil","","Argentinian brown bat","Eptesicus furinalis",NA,"Bats","EFu","","[20]","G","Troupin","Clust_69"
"AB383170","BR-EF3","Brazil","","Argentinian brown bat","Eptesicus furinalis",NA,"Bats","EFu","","[20]","G","Troupin","Clust_69"
"AB383171","BR-EF4","Brazil","","Argentinian brown bat","Eptesicus furinalis",NA,"Bats","EFu","","[20]","G","Troupin","Clust_69"
"AB383172","BR-NL2","Brazil","","Broad-eared bat","Nyctinomops laticaudatus",NA,"Bats","EFu","","[20]","G","Troupin","Clust_69"
"AB383165","","Brazil","","Non-hematophagous bat","",NA,"Bats","EFu","","[20]","G","Troupin","Clust_69"
"AB383166","","Brazil","","Non-hematophagous bat","",NA,"Bats","EFu","","[20]","G","Troupin","Clust_69"
"AB383167","","Brazil","","Black bonneted bat","Eumops auripendulus",NA,"Bats","EFu","","[20]","G","Troupin","Clust_69"
"JQ685919","NJ2262","USA","NJ","Eastern red bat","Lasiurus borealis",2005,"Bats","LB","N-P-M-G - original brain; L and termini - mouse","This study","Complete genome","Troupin","Clust_101"
"JQ685902","TN209","USA","TN","Eastern red bat","Lasiurus borealis",2005,"Bats","LB","N-P-M-G - original brain; L and termini - mouse","This study","Complete genome","Troupin","Clust_100"
"AF369351","6832.RB","Canada","","Eastern red bat","Lasiurus borealis",1991,"Bats","LB","","[18]","P","Troupin","Clust_101"
"JQ686007","LAH60","USA","NC","Eastern red bat","Lasiurus borealis",2010,"Bats","LB","Original brain","Troupin","G","Troupin","Clust_100"
"AF369348","V231.RB","USA","TX","Eastern red bat","Lasiurus borealis",1994,"Bats","LB","","[18]","P","Troupin","Clust_100"
"JQ685999","T94-0237","USA","CA","Hoary bat","Lasiurus cinereus",1994,"Bats","LC","Original brain","Troupin","G","Troupin","Clust_101"
"JQ685947","TN310","USA","TN","Hoary bat","Lasiurus cinereus",2004,"Bats","LC","N-P-M-G - original brain; L and termini - mouse","This study","Complete genome","Troupin","Clust_101"
"AF369347","V103.HB","Canada","","Hoary bat","Lasiurus cinereus",1992,"Bats","LC","","[18]","P","Troupin","Clust_101"
"AB383163","","Brazil","","Non-hematophagous bat","",NA,"Bats","LC","","Sato, unpublished","G","Troupin","Clust_101"
"AB383164","","Brazil","","Non-hematophagous bat","",NA,"Bats","LC","","Sato, unpublished","G","Troupin","Clust_101"
"JQ685916","FL1010","USA","FL","Northern yellow bat","Lasiurus intermedius",2002,"Bats","LI","N-P-M-G - original brain; L and termini - mouse","This study","Complete genome","Troupin","Clust_90"
"JQ685915","TX4904","USA","TX","Northern yellow bat","Lasiurus intermedius",2002,"Bats","LI","N-P-M-G - original brain; L and termini - mouse","This study","Complete genome","Troupin","Clust_89"
"JQ686005","A10-3653","USA","FL","Northern yellow bat","Lasiurus intermedius",2008,"Bats","LI","Original brain","Troupin","G","Troupin","Clust_90"
"JQ685895","WA1185","USA","WA","Silver-haired bat","Lasionycteris noctivagans",2003,"Bats","LN","N-P-M-G - original brain; L and termini - mouse","This study","Complete genome","Troupin","Clust_91"
"JQ686004","A10-3672","USA","AL","Silver-haired bat","Lasionycteris noctivagans",2009,"Bats","LN","Original brain","Troupin","G","Troupin","Clust_91"
"AF369345","4398.SHB","Canada","","Silver-haired bat","Lasionycteris noctivagans",1980,"Bats","LN","","[18]","P","Troupin","Clust_91"
"JQ686001","AW3565","USA","AL","Silver-haired bat","Lasionycteris noctivagans",2010,"Bats","LN","Original brain","Troupin","G","Troupin","Clust_91"
"AF369346","V077.SHB","Canada","","Silver-haired bat","Lasionycteris noctivagans",1988,"Bats","LN","","[18]","P","Troupin","Clust_91"
"AF369356","V158.SHB","Canada","","Silver-haired bat","Lasionycteris noctivagans",1991,"Bats","LN","","[18]","P","Troupin","Clust_91"
"U52946","","USA","CA","Human","Homo sapiens",1994,"Bats","LN","","[21]","G","Troupin","Clust_91"
"JQ685900","FL769","USA","FL","Seminole bat","Lasiurus seminolus",2003,"Bats","LS","N-P-M-G - original brain; L and termini - mouse","This study","Complete genome","Troupin","Clust_101"
"JQ685910","TX5960","USA","TX","Seminole bat","Lasiurus xanthinus",2002,"Bats","LX","N-P-M-G - original brain; L and termini - mouse","This study","Complete genome","Troupin","Clust_97"
"JQ685921","FL1078","USA","FL","Southeastern myotis","Myotis austroriparius",2001,"Bats","MYsp","N-P-M-G - original brain; L and termini - mouse","This study","Complete genome","Troupin","Clust_84"
"JQ685918","OR05506","USA","OR","Gray Fox","Urocyon cinereoargenteus",2010,"Bats","MYsp","Original brain","This study","Complete genome","Troupin","Clust_87"
"JQ685957","OR8767","USA","OR","Gray Fox","Urocyon cinereoargenteus",2009,"Bats","MYsp","Original brain","Troupin","Complete genome","Troupin","Clust_88"
"AF351836","MC2","Canada","BC","California myotis","Myotis californicus",1992,"Bats","MYsp","","[15]","N","Troupin","Clust_87"
"AF351835","ME1","Canada","BC","Long-eared myotis","Myotis evotis",1992,"Bats","MYsp","","[15]","N","Troupin","Clust_87"
"AF351839","ML4","Canada","BC","Little brown bat","Myotis lucifugus",1992,"Bats","MYsp","","[15]","N","Troupin","Clust_87"
"AF351838","ML6","Canada","NS","Little brown bat","Myotis lucifugus",1994,"Bats","MYsp","","[15]","N","Troupin","Clust_88"
"JQ685979","OR43","USA","OR","Gray Fox","Urocyon cinereoargenteus",2000,"Bats","MYsp","Original brain","This study","N","Troupin","Clust_88"
"JQ686013","OR43","USA","OR","Gray Fox","Urocyon cinereoargenteus",2000,"Bats","MYsp","Original brain","Troupin","G","Troupin","Clust_88"
"JQ685978","OR59","USA","OR","Gray Fox","Urocyon cinereoargenteus",2006,"Bats","MYsp","Original brain","TroupinTroupin","N","Troupin","Clust_88"
"JQ686012","OR59","USA","OR","Gray Fox","Urocyon cinereoargenteus",2006,"Bats","MYsp","Original brain","Troupin","G","Troupin","Clust_88"
"JQ685997","A10-5170","USA","ID","","Myotis sp",2010,"Bats","MYsp","Original brain","Troupin","G","Troupin","Clust_88"
"AF369349","3694.MYO","Canada","","","Myotis sp",1996,"Bats","MYsp","","[18]","P","Troupin","Clust_88"
"AF369344","4887.LBB","Canada","","Little brown bat","Myotis lucifugus",1994,"Bats","MYsp","","[18]","P","Troupin","Clust_88"
"AF369352","7890.LBB","Canada","","Little brown bat","Myotis lucifugus",1997,"Bats","MYsp","","[18]","P","Troupin","Clust_88"
"AF369353","9499.MYO","Canada","","Red fox","Vulpes vulpes",1993,"Bats","MYsp","","[18]","P","Troupin","Clust_88"
"JQ686011","OR-062011","USA","OR","Gray Fox","Urocyon cinereoargenteus",2011,"Bats","MYsp","Original brain","Troupin","G","Troupin","Clust_88"
"JQ685998","T91-0038","USA","CA","","Myotis sp",1991,"Bats","MYsp","Original brain","Troupin","G","Troupin","Clust_78"
"AF325494","USA8-BT","USA","MT","","Myotis sp",1981,"Bats","MYsp","","[19]","G","Troupin","Clust_88"
"AF325495","USA9-BT","USA","MT","","Myotis sp",1982,"Bats","MYsp","","[19]","G","Troupin","Clust_88"
"AF369343","V089.LBB","Canada","","Little brown bat","Myotis lucifugus",1992,"Bats","MYsp","","[18]","P","Troupin","Clust_87"
"AF369354","V102.MYO","Canada","","Long-eared myotis","Myotis evotis",1992,"Bats","MYsp","","[18]","P","Troupin","Clust_87"
"AF369358","V179.LBB","Canada","","Little brown bat","Myotis lucifugus",1993,"Bats","MYsp","","[18]","P","Troupin","Clust_87"
"JQ685952","A02-2971","USA","CA","Canyon bat","Parastrellus hesperos",2002,"Bats","PH","N-P-M-G - original brain; L and termini - mouse","This study","Complete genome","Troupin","Clust_73"
"JQ685965","A02-2972","USA","AZ","Canyon bat","Parastrellus hesperos",2002,"Bats","PH","N-P-M-G - original brain; L and termini - mouse","Troupin","Complete genome","Troupin","Clust_73"
"AY705373","SHBRV18","USA","","Human","Homo sapiens",1983,"Bats","PS","mouse","[14]","Complete genome","Troupin","Clust_91"
"JQ685922","TN186","USA","TN","Tricolored bat","Perimyotis subflavus",2005,"Bats","PS","N-P-M-G - original brain; L and termini - mouse","This study","Complete genome","Troupin","Clust_91"
"JQ686003","A10-5102","USA","NC","Tricolored bat","Perimyotis subflavus",2010,"Bats","PS","Original brain","Troupin","G","Troupin","Clust_91"
"JQ686009","A11-5737","USA","VA","Red fox","Vulpes vulpes",2011,"Bats","PS","Original brain","Troupin","G","Troupin","Clust_91"
"JQ686000","US07-010","USA","NC","Tricolored bat","Perimyotis subflavus",2010,"Bats","PS","Original brain","Troupin","G","Troupin","Clust_91"
"KX148269","97004ARG","Argentina","","Mexican free-tailed bat","Tadarida brasiliensis",1997,"Bats","TB","Mouse","This study","Complete genome","Kuzmin","Clust_85"
"EU293116","9704ARG","Argentina","","Mexican free-tailed bat","Tadarida brasilensis",1997,"Bats","TB","","[3]","Complete genome","Troupin","Clust_85"
"AF351850","IB-Ch","Chile","","","Tadarida sp",1988,"Bats","TB","","[15]","N","Troupin","Clust_85"
"KX148195","04031MAR","Morocco","","Dog","Canis familiaris",2004,"Cosmopolitan","AF1a","Original brain","This study","Complete genome","Kuzmin","Clust_17"
"KX148193","08342MAR","Morocco","","Dog","Canis familiaris",2008,"Cosmopolitan","AF1a","Original brain","This study","Complete genome","Kuzmin","Clust_17"
"KX148197","15006FRA","Algeria","","Dog","Canis familiaris",2015,"Cosmopolitan","AF1a","Original brain","This study","Complete genome","Kuzmin","Clust_17"
"KX148201","86003BRE","Nigeria","","Dog","Canis familiaris",1986,"Cosmopolitan","AF1a","Original brain","This study","Complete genome","Kuzmin","Clust_14"
"KX148200","88008ETH","Ethiopia","","Dog","Canis familiaris",1988,"Cosmopolitan","AF1a","Original brain","This study","Complete genome","Kuzmin","Clust_16"
"U22637","8807ETH","Ethiopia","","Spotted hyena","Crocuta crocuta",1987,"Cosmopolitan","AF1a","","[7]","N","Troupin","Clust_16"
"KX148194","89017MAR","Morocco","","Dog","Canis familiaris",1989,"Cosmopolitan","AF1a","Original brain","This study","Complete genome","Kuzmin","Clust_17"
"KX148196","90016MAR","Morocco","","Dog","Canis familiaris",1990,"Cosmopolitan","AF1a","Original brain","This study","Complete genome","Kuzmin","Clust_17"
"KX148199","93006SOM","Somalia","","Jackal","Canis mesomelas",1993,"Cosmopolitan","AF1a","Original brain","This study","Complete genome","Kuzmin","Clust_16"
"KX148198","93128SOM","Somalia","","Dog","Canis familiaris",1993,"Cosmopolitan","AF1a","Original brain","This study","Complete genome","Kuzmin","Clust_16"
"KX148202","95049GAB","Gabon","","Dog","Canis familiaris",1995,"Cosmopolitan","AF1a","Original brain","This study","Complete genome","Kuzmin","Clust_14"
"AF325467","MOR2-DG","Marocco","","Dog","Canis familiaris",1987,"Cosmopolitan","AF1a","","[19]","G","Troupin","Clust_17"
"AF325469","MOR3-HM","Morocco","","Human","Homo sapiens",1990,"Cosmopolitan","AF1a","","[19]","G","Troupin","Clust_17"
"KF155001","RV2627","Morocco","","Cow","Bos taurus",2009,"Cosmopolitan","AF1a","Original brain","","Complete genome","Kuzmin","Clust_17"
"KP723638","RV2985","Ethiopia","","Ethiopian wolf","Canis simensis",2014,"Cosmopolitan","AF1a","Original brain","","Complete genome","Kuzmin","Clust_16"
"AF325466","TUN1-HM","Tunissia","","Human","Homo sapiens",1986,"Cosmopolitan","AF1a","","[19]","G","Troupin","Clust_17"
"AF369322","V027.DG","Tunisia","","Dog","Canis familiaris",1988,"Cosmopolitan","AF1a","","[18]","P","Troupin","Clust_16"
"AF369331","V667.DG","Ethiopia","","Dog","Canis familiaris",NA,"Cosmopolitan","AF1a","","[18]","P","Troupin","Clust_16"
"KX148207","14015ITA","Kenya","","Human","Homo sapiens",2014,"Cosmopolitan","AF1b","Original brain","This study","Complete genome","Kuzmin","Clust_22"
"JX473838","178J09","Namibia","","Jackal","Und.",2009,"Cosmopolitan","AF1b","","Scott et al. unpublished","Complete genome","Kuzmin","Clust_21"
"JX473839","192J09","Namibia","","Jackal","Und.",2009,"Cosmopolitan","AF1b","","Scott et al. unpublished","Complete genome","Kuzmin","Clust_21"
"JX473840","239K09","Namibia","","Namibian kudu","Tragelaphus strepsiceros",2009,"Cosmopolitan","AF1b","","Scott et al. unpublished","Complete genome","Kuzmin","Clust_21"
"JX473841","240K09","Namibia","","Namibian kudu","Tragelaphus strepsiceros",2009,"Cosmopolitan","AF1b","","Scott et al. unpublished","Complete genome","Kuzmin","Clust_21"
"KX148203","86031MOZ","Mozambique","","Dog","Canis familiaris",1986,"Cosmopolitan","AF1b","Mouse","This study","Complete genome","Kuzmin","Clust_21"
"U22488","8670NGA","Nigeria","","Human","Homo sapiens",1983,"Cosmopolitan","AF1b","","[7]","N","Troupin","Clust_15"
"KX148103","87021AFS","South Africa","","Human","Homo sapiens",1981,"Cosmopolitan","AF1b","Mouse","This study","Complete genome","Kuzmin","Clust_21"
"KX148208","92029CAR","Central African Republic","","Dog","Canis familiaris",1992,"Cosmopolitan","AF1b","Original brain","This study","Complete genome","Kuzmin","Clust_19"
"KX148204","92030NAM","Namibia","","Dog","Canis familiaris",1992,"Cosmopolitan","AF1b","Original brain","This study","Complete genome","Kuzmin","Clust_21"
"U22648","9224TAN","Tanzania","","Dog","Canis familiaris",1992,"Cosmopolitan","AF1b","","[7]","N","Troupin","Clust_22"
"KX148205","94289RWA","Rwanda","","Dog","Canis familiaris",1994,"Cosmopolitan","AF1b","Original brain","This study","Complete genome","Kuzmin","Clust_22"
"KX148206","96013TAN","Tanzania","","Dog","Canis familiaris",1996,"Cosmopolitan","AF1b","Original brain","This study","Complete genome","Kuzmin","Clust_22"
"KF155002","RV2772","Tanzania","","Dog","Canis familiaris",2009,"Cosmopolitan","AF1b","Original brain","","Complete genome","Kuzmin","Clust_22"
"AF369297","V250.CD","S. Africa","","Dog","Canis familiaris",1994,"Cosmopolitan","AF1b","","[18]","P","Troupin","Clust_21"
"AF369333","V670.DG","Tanzania","","Dog","Canis familiaris",NA,"Cosmopolitan","AF1b","","[18]","P","Troupin","Clust_22"
"KX148209","04033MAD","Madagascar","","Dog","Canis familiaris",2004,"Cosmopolitan","AF1c","Original brain","This study","Complete genome","Kuzmin","Clust_13"
"KX148211","86046MAD","Madagascar","","Dog","Canis familiaris",1986,"Cosmopolitan","AF1c","Original brain","This study","Complete genome","Kuzmin","Clust_13"
"KX148210","98002MAD","Madagascar","","Human","Homo sapiens",1998,"Cosmopolitan","AF1c","Original brain","This study","Complete genome","Kuzmin","Clust_13"
"AF325478","MAD1-DG","Madagascar","","Dog","Canis familiaris",1985,"Cosmopolitan","AF1c","","[19]","G","Troupin","Clust_13"
"KX148101","86092EGY","Egypt","","Human","Homo sapiens",1979,"Cosmopolitan","AF4","Mouse","This study","Complete genome","Kuzmin","Clust_33"
"KF154998","RV2324","Israel","","Dog","Canis familiaris",1950,"Cosmopolitan","AF4","","","Complete genome","Kuzmin","Clust_33"
"AB645847","1088","USA","","Woodchuck","Marmota monax",2008,"Cosmopolitan","AM1","Mouse","","Complete genome","Kuzmin","Clust_23"
"JQ685987","A10-6931","MN","","Red fox","Vulpes vulpes",NA,"Cosmopolitan","AM1","Original brain","Troupin","G","Troupin","Clust_20"
"AF369286","1741WC.SK","Canada","","Striped skunk","Mephitis mephitis",1992,"Cosmopolitan","AM1","","[18]","P","Troupin","Clust_24"
"AF369285","867WC.SK","Canada","","Striped skunk","Mephitis mephitis",1992,"Cosmopolitan","AM1","","[18]","P","Troupin","Clust_24"
"KX148213","91001USA","USA","","Skunk","Und.",1982,"Cosmopolitan","AM1","Mouse","This study","Complete genome","Kuzmin","Clust_24"
"JQ685967","NC1234","","","Striped skunk","Mephitis mephitis",NA,"Cosmopolitan","AM1","Original brain","Troupin","Complete genome","Troupin","Clust_24"
"JQ685944","NC839","USA","TN","Striped skunk","Mephitis mephitis",1984,"Cosmopolitan","AM1","Original brain","This study","Complete genome","Troupin","Clust_23"
"JQ685985","A10-3932","AZ","","Gray Fox","Urocyon cinereoargenteus",2010,"Cosmopolitan","AM2a","Original brain","Troupin","G","Troupin","Clust_25"
"KX148112","91010MEX","Mexico","","Human","Homo sapiens",1991,"Cosmopolitan","AM2a","Mouse","This study","Complete genome","Kuzmin","Clust_25"
"KX148110","91014MEX","Mexico","","Dog","Canis familiaris",1991,"Cosmopolitan","AM2a","Original brain","This study","Complete genome","Kuzmin","Clust_34"
"KX148111","91015MEX","Mexico","","Dog","Canis familiaris",1991,"Cosmopolitan","AM2a","Original brain","This study","Complete genome","Kuzmin","Clust_34"
"KX148102","91026MEX","Mexico","","Dog","Canis familiaris",1991,"Cosmopolitan","AM2a","Mouse","This study","Complete genome","Kuzmin","Clust_34"
"JQ685989","A10-001","AZ","","Gray Fox","Urocyon cinereoargenteus",2010,"Cosmopolitan","AM2a","Original brain","Troupin","G","Troupin","Clust_25"
"HQ450386","DRV_Mexico","Mexico","","Dog","Canis familiaris",NA,"Cosmopolitan","AM2a","Mouse","","Complete genome","Kuzmin","Clust_35"
"AF325477","MEX1-DG","Mexico","","Dog","Canis familiaris",1991,"Cosmopolitan","AM2a","","[19]","G","Troupin","Clust_34"
"AF369289","V213.SK","USA","TX","Striped skunk","Mephitis mephitis",1994,"Cosmopolitan","AM2a","","[18]","P","Troupin","Clust_25"
"AF369337","V217.CO","USA","TX","Coyote","Canis latrans",1994,"Cosmopolitan","AM2a","","[18]","P","Troupin","Clust_25"
"KX148216","86001BRE","Brazil","","Dog","Canis familiaris",1986,"Cosmopolitan","AM3a","Original brain","This study","Complete genome","Kuzmin","Clust_29"
"KX148215","95022BRE","Brazil","","Dog","Canis familiaris",1995,"Cosmopolitan","AM3a","Original brain","This study","Complete genome","Kuzmin","Clust_29"
"KX148214","95023BRE","Brazil","","Dog","Canis familiaris",1995,"Cosmopolitan","AM3a","Original brain","This study","Complete genome","Kuzmin","Clust_29"
"KC737850","A11_5300","USA","","Human","Homo sapiens",2011,"Cosmopolitan","AM3a","Original brain","McGuone et al. unpublished","Complete genome","Kuzmin","Clust_28"
"AF369314","B1.DG","Brazil","","Dog","Canis familiaris",1993,"Cosmopolitan","AM3a","","[18]","P","Troupin","Clust_29"
"AB517659","BRdg335","Brazil","","Dog","Canis familiaris",2003,"Cosmopolitan","AM3a","","Mochizuki et al. unpublished","Complete genome","Kuzmin","Clust_28"
"KX148217","86123BRE","Brazil","","Dog","Canis familiaris",1986,"Cosmopolitan","AM3b","Mouse","This study","Complete genome","Kuzmin","Clust_36"
"AB362483","BR_Pfx1","Brazil","","Brazilian wild fox","Lycalopex vetulus",2002,"Cosmopolitan","AM3b","Original brain","[13]","Complete genome","Troupin","Clust_37"
"AB517660","BR_Pfx3","Brazil","","Brazilian wild fox","Dusicyon_sp.",2001,"Cosmopolitan","AM3b","","Mochizuki et al. unpublished","Complete genome","Kuzmin","Clust_38"
"AF369315","P1.DG","Paraguay","","Dog","Canis familiaris",1994,"Cosmopolitan","AM3b","","[18]","P","Troupin","Clust_30"
"JQ944705","1350KRA","Russia","","Dog","Canis familiaris",2008,"Cosmopolitan","CA1","Original brain","Chupin et al. unpublished","Complete genome","Kuzmin","Clust_5"
"KC595280","8052f","Russia","","Red fox","Vulpes vulpes",2011,"Cosmopolitan","CA1","Mouse","","Complete genome","Kuzmin","Clust_5"
"KC595281","8053c","Russia","","Cat","Felis catus",2011,"Cosmopolitan","CA1","Mouse","","Complete genome","Kuzmin","Clust_5"
"KC595282","8054f","Russia","","Red fox","Vulpes vulpes",2011,"Cosmopolitan","CA1","Mouse","","Complete genome","Kuzmin","Clust_5"
"KC595283","8057f","Russia","","Red fox","Vulpes vulpes",2011,"Cosmopolitan","CA1","Mouse","","Complete genome","Kuzmin","Clust_5"
"KX148159","86082IRA","Iran","","Sheep","Ovis aries",1974,"Cosmopolitan","CA1","Mouse","This study","Complete genome","Kuzmin","Clust_5"
"AF369311","Ir5.DG","Iran","","Dog","Canis familiaris",1993,"Cosmopolitan","CA1","","[18]","P","Troupin","Clust_5"
"AF369274","RU7.FX","Kazakhstan","","Red fox","Vulpes vulpes",1988,"Cosmopolitan","CA1","","[18]","P","Troupin","Clust_5"
"KM016899","WQ14_RF","China","","Red fox","Vulpes vulpes",2014,"Cosmopolitan","CA1","Original brain","Liu et al. unpublished","Complete genome","Kuzmin","Clust_5"
"JQ944706","1352KRA","Russia","","Dog","Canis familiaris",2008,"Cosmopolitan","CA2","Original brain","Chupin et al. unpublished","Complete genome","Kuzmin","Clust_12"
"KX148212","93019IRA","Iran","","Jackal","Canis aureus",1993,"Cosmopolitan","CA2","Original brain","This study","Complete genome","Kuzmin","Clust_12"
"KF155000","RV2516","Irak","","Cow","Bos taurus",2010,"Cosmopolitan","CA2","Original brain","","Complete genome","Kuzmin","Clust_12"
"JQ944708","1564NNO","Russia","","Red fox","Vulpes vulpes",2008,"Cosmopolitan","CA3","Original brain","Chupin et al. unpublished","Complete genome","Kuzmin","Clust_4"
"KX148160","92015HON","Hungary","","Human","Homo sapiens",1991,"Cosmopolitan","CA3","Original brain","This study","Complete genome","Kuzmin","Clust_4"
"AF325462","HUN1-HM","Hungary","","Human","Homo sapiens",1992,"Cosmopolitan","CA3","","[19]","G","Troupin","Clust_4"
"KX148113","92002GER","Germany","","Red fox","Vulpes vulpes",1991,"Cosmopolitan","CE","Original brain","This study","Complete genome","Kuzmin","Clust_9"
"KX148124","92010GER","Germany","","Red fox","Vulpes vulpes",1991,"Cosmopolitan","CE","Original brain","This study","Complete genome","Kuzmin","Clust_9"
"KX148122","92012GER","Germany","","Red fox","Vulpes vulpes",1991,"Cosmopolitan","CE","Original brain","This study","Complete genome","Kuzmin","Clust_9"
"KX148123","92017GER","Germany","","Red fox","Vulpes vulpes",1991,"Cosmopolitan","CE","Original brain","This study","Complete genome","Kuzmin","Clust_9"
"KX148119","96045POL","Poland","","Red fox","Vulpes vulpes",1993,"Cosmopolitan","CE","Original brain","This study","Complete genome","Kuzmin","Clust_9"
"KX148121","96056POL","Poland","","Red fox","Vulpes vulpes",1993,"Cosmopolitan","CE","Original brain","This study","Complete genome","Kuzmin","Clust_9"
"KX148118","96077POL","Poland","","Raccoon dog","Nyctereutes procyonoides",1994,"Cosmopolitan","CE","Original brain","This study","Complete genome","Kuzmin","Clust_9"
"KX148114","96104POL","Poland","","Red fox","Vulpes vulpes",1995,"Cosmopolitan","CE","Original brain","This study","Complete genome","Kuzmin","Clust_9"
"KX148120","96140POL","Poland","","Raccoon dog","Nyctereutes procyonoides",1993,"Cosmopolitan","CE","Original brain","This study","Complete genome","Kuzmin","Clust_9"
"KX148115","96250POL","Poland","","Red fox","Vulpes vulpes",1996,"Cosmopolitan","CE","Original brain","This study","Complete genome","Kuzmin","Clust_9"
"KX148116","96256POL","Poland","","Red fox","Vulpes vulpes",1996,"Cosmopolitan","CE","Original brain","This study","Complete genome","Kuzmin","Clust_9"
"KX148117","97046POL","Poland","","Red fox","Vulpes vulpes",1997,"Cosmopolitan","CE","Original brain","This study","Complete genome","Kuzmin","Clust_9"
"AF325464","POL1-RD","Poland","","Raccoon dog","Nyctereutes procyonoides",1985,"Cosmopolitan","CE","","[19]","G","Troupin","Clust_9"
"KX148104","86058YOU","Montenegro","","Cow","Bos taurus",1978,"Cosmopolitan","Cosmopolitan","Mouse","This study","Complete genome","Kuzmin","Clust_6"
"KX148161","86133SER","Serbia","","Red fox","Vulpes vulpes",1972,"Cosmopolitan","Cosmopolitan","Mouse","This study","Complete genome","Kuzmin","Clust_2"
"AF325463","YUG1-WF","Yugoslavia","","Cow","Bos taurus",1984,"Cosmopolitan","Cosmopolitan","","[19]","G","Troupin","Clust_6"
"U42703","","Yugoslavia","","Red fox","Vulpes vulpes",1976,"Cosmopolitan","Cosmopolitan","","[6]","N","Troupin","Clust_1"
"KX148145","86054YOU","Bosnia and Herzegovina","","Wolf","Canis lupus",1986,"Cosmopolitan","EE","Mouse","This study","Complete genome","Kuzmin","Clust_8"
"KX148140","86109YOU","Serbia","","Red fox","Vulpes vulpes",1986,"Cosmopolitan","EE","Original brain","This study","Complete genome","Kuzmin","Clust_8"
"KX148143","93080HON","Hungary","","Red fox","Vulpes vulpes",1993,"Cosmopolitan","EE","Original brain","This study","Complete genome","Kuzmin","Clust_8"
"KX148136","93083HON","Hungary","","Red fox","Vulpes vulpes",1993,"Cosmopolitan","EE","Original brain","This study","Complete genome","Kuzmin","Clust_8"
"KX148137","93089HON","Hungary","","Red fox","Vulpes vulpes",1993,"Cosmopolitan","EE","Original brain","This study","Complete genome","Kuzmin","Clust_8"
"KX148138","93091HON","Hungary","","Red fox","Vulpes vulpes",1993,"Cosmopolitan","EE","Original brain","This study","Complete genome","Kuzmin","Clust_8"
"KX148139","93093HON","Hungary","","Red fox","Vulpes vulpes",1993,"Cosmopolitan","EE","Original brain","This study","Complete genome","Kuzmin","Clust_8"
"KX148144","94099SLN","Slovenia","","Red fox","Vulpes vulpes",1994,"Cosmopolitan","EE","Original brain","This study","Complete genome","Kuzmin","Clust_8"
"KX148141","96135POL","Poland","","Red fox","Vulpes vulpes",1992,"Cosmopolitan","EE","Original brain","This study","Complete genome","Kuzmin","Clust_8"
"KX148142","96177POL","Poland","","Red fox","Vulpes vulpes",1994,"Cosmopolitan","EE","Original brain","This study","Complete genome","Kuzmin","Clust_8"
"KX148175","04034ARS","Saudi Arabia","","Fox","Und.",2004,"Cosmopolitan","ME1a","Original brain","This study","Complete genome","Kuzmin","Clust_11"
"KX148176","04034ARS","Saudi Arabia","","Fox","Und.",2004,"Cosmopolitan","ME1a","","This study","Complete genome","Kuzmin","Clust_11"
"KX148189","86081IRA","Iran","","Dog","Canis familiaris",1985,"Cosmopolitan","ME1a","Mouse","This study","Complete genome","Kuzmin","Clust_11"
"KX148186","87002IRA","Iran","","Wolf","Canis pallipes",1984,"Cosmopolitan","ME1a","Mouse","This study","Complete genome","Kuzmin","Clust_11"
"KX148168","87006ARS","Saudi Arabia","","Fox","Und.",1987,"Cosmopolitan","ME1a","Original brain","This study","Complete genome","Kuzmin","Clust_11"
"KX148172","87007ARS","Saudi Arabia","","Horse","Equus ferus",1987,"Cosmopolitan","ME1a","Original brain","This study","Complete genome","Kuzmin","Clust_11"
"U22483","8702IRA","Iran","","Wolf","Canis lupus",1987,"Cosmopolitan","ME1a","","[7]","N","Troupin","Clust_11"
"U22481","8706ARS","Saudi Arabia","","Red fox","Vulpes vulpes",1987,"Cosmopolitan","ME1a","","[7]","N","Troupin","Clust_11"
"KX148171","91024EAU","United Arab Emirates","","Fox","Und.",1991,"Cosmopolitan","ME1a","Mouse","This study","Complete genome","Kuzmin","Clust_11"
"KX148169","91034OMA","Oman","","Camel","Camelus dromedarius",1990,"Cosmopolitan","ME1a","Original brain","This study","Complete genome","Kuzmin","Clust_11"
"KX148170","91035OMA","Oman","","Fox","Und.",1990,"Cosmopolitan","ME1a","Original brain","This study","Complete genome","Kuzmin","Clust_11"
"U22480","9135OMA","Oman","","Red fox","Vulpes vulpes",1990,"Cosmopolitan","ME1a","","[7]","N","Troupin","Clust_11"
"KX148190","93008IRA","Iran","","Jackal","Canis aureus",1976,"Cosmopolitan","ME1a","Original brain","This study","Complete genome","Kuzmin","Clust_11"
"KX148188","93009IRA","Iran","","Wolf","Canis pallipes",1991,"Cosmopolitan","ME1a","Original brain","This study","Complete genome","Kuzmin","Clust_11"
"KX148180","93030ISR","Israel","","Fox","Und.",1993,"Cosmopolitan","ME1a","Original brain","This study","Complete genome","Kuzmin","Clust_11"
"KX148183","93031ISR","Israel","","Fox","Und.",1993,"Cosmopolitan","ME1a","Original brain","This study","Complete genome","Kuzmin","Clust_11"
"KX148185","96299IRA","Iran","","Wolf","Canis pallipes",1996,"Cosmopolitan","ME1a","Original brain","This study","Complete genome","Kuzmin","Clust_11"
"KX148178","96306ISR","Israel","","Dog","Canis familiaris",1996,"Cosmopolitan","ME1a","Original brain","This study","Complete genome","Kuzmin","Clust_11"
"KX148182","96307ISR","Israel","","Dog","Canis familiaris",1996,"Cosmopolitan","ME1a","Original brain","This study","Complete genome","Kuzmin","Clust_11"
"KX148181","96312ISR","Israel","","Dog","Canis familiaris",1996,"Cosmopolitan","ME1a","Original brain","This study","Complete genome","Kuzmin","Clust_11"
"KX148179","96314ISR","Israel","","Jackal","Canis aureus",1996,"Cosmopolitan","ME1a","Original brain","This study","Complete genome","Kuzmin","Clust_11"
"KX148177","96317ISR","Israel","","Fox","Und.",1996,"Cosmopolitan","ME1a","Original brain","This study","Complete genome","Kuzmin","Clust_11"
"KX148187","96320IRA","Iran","","Jackal","Canis aureus",1996,"Cosmopolitan","ME1a","Original brain","This study","Complete genome","Kuzmin","Clust_11"
"KX148184","96324ISR","Israel","","Cow","Bos taurus",1996,"Cosmopolitan","ME1a","Original brain","This study","Complete genome","Kuzmin","Clust_11"
"KX148173","97139ARS","Saudi Arabia","","Red fox","Vulpes vulpes",1997,"Cosmopolitan","ME1a","Original brain","This study","Complete genome","Kuzmin","Clust_11"
"KX148174","98001ARS","Saudi Arabia","","Fox","Und.",1998,"Cosmopolitan","ME1a","Original brain","This study","Complete genome","Kuzmin","Clust_11"
"KX148175","99004ARS","Saudi Arabia","","Red fox","Vulpes vulpes",1998,"Cosmopolitan","ME1a","Original brain","This study","Complete genome","Kuzmin","Clust_11"
"AF369280","V660.FX","Israel","","Red fox","Vulpes vulpes",NA,"Cosmopolitan","ME1a","","[18]","P","Troupin","Clust_11"
"KX148191","93032ISR","Israel","","Jackal","Canis aureus",1993,"Cosmopolitan","ME1b","Original brain","This study","Complete genome","Kuzmin","Clust_10"
"KX148192","93033ISR","Israel","","Dog","Canis familiaris",1993,"Cosmopolitan","ME1b","Original brain","This study","Complete genome","Kuzmin","Clust_10"
"KX148164","93100TUR","Turkey","","Dog","Canis familiaris",1993,"Cosmopolitan","ME2","Original brain","This study","Complete genome","Kuzmin","Clust_7"
"KX148166","94001TUR","Turkey","","Dog","Canis familiaris",1993,"Cosmopolitan","ME2","Original brain","This study","Complete genome","Kuzmin","Clust_7"
"KX148162","94002TUR","Turkey","","Dog","Canis familiaris",1993,"Cosmopolitan","ME2","Original brain","This study","Complete genome","Kuzmin","Clust_7"
"KX148167","94005TUR","Turkey","","Dog","Canis familiaris",1993,"Cosmopolitan","ME2","Original brain","This study","Complete genome","Kuzmin","Clust_7"
"KX148165","94009TUR","Turkey","","Dog","Canis familiaris",1993,"Cosmopolitan","ME2","Original brain","This study","Complete genome","Kuzmin","Clust_7"
"KX148163","94016TUR","Turkey","","Dog","Canis familiaris",1993,"Cosmopolitan","ME2","Original brain","This study","Complete genome","Kuzmin","Clust_7"
"AF369329","V466.DG","Nigeria","","Dog","Canis familiaris",1996,"Cosmopolitan","MexSK-2","","[18]","P","Troupin","Clust_27"
"JQ944704","184VNO","Russia","","Raccoon dog","Nyctereutes procyonoides",2009,"Cosmopolitan","NEE","Original brain","Chupin et al. unpublished","Complete genome","Kuzmin","Clust_3"
"KX148148","93038EST","Estonia","","Red fox","Vulpes vulpes",1992,"Cosmopolitan","NEE","Original brain","This study","Complete genome","Kuzmin","Clust_3"
"KX148149","93039EST","Estonia","","Raccoon dog","Nyctereutes procyonoides",1991,"Cosmopolitan","NEE","Original brain","This study","Complete genome","Kuzmin","Clust_3"
"KX148155","93041EST","Estonia","","Red fox","Vulpes vulpes",1993,"Cosmopolitan","NEE","Original brain","This study","Complete genome","Kuzmin","Clust_3"
"KX148156","93042EST","Estonia","","Raccoon dog","Nyctereutes procyonoides",1991,"Cosmopolitan","NEE","Original brain","This study","Complete genome","Kuzmin","Clust_3"
"KX148157","93043EST","Estonia","","Raccoon dog","Nyctereutes procyonoides",1993,"Cosmopolitan","NEE","Original brain","This study","Complete genome","Kuzmin","Clust_3"
"KX148146","93046FIN","Finland","","Red fox","Vulpes vulpes",1993,"Cosmopolitan","NEE","Original brain","This study","Complete genome","Kuzmin","Clust_3"
"KX148147","93048FIN","Finland","","Raccoon dog","Nyctereutes procyonoides",1988,"Cosmopolitan","NEE","Original brain","This study","Complete genome","Kuzmin","Clust_3"
"KX148158","93105EST","Estonia","","Red fox","Vulpes vulpes",1993,"Cosmopolitan","NEE","Original brain","This study","Complete genome","Kuzmin","Clust_3"
"U43432","9342EST","Estonia","","Raccoon dog","Nyctereutes procyonoides",1991,"Cosmopolitan","NEE","","[6]","N","Troupin","Clust_3"
"KX148150","96026POL","Poland","","Raccoon dog","Nyctereutes procyonoides",1986,"Cosmopolitan","NEE","Original brain","This study","Complete genome","Kuzmin","Clust_3"
"KX148151","96042POL","Poland","","Red fox","Vulpes vulpes",1996,"Cosmopolitan","NEE","Original brain","This study","Complete genome","Kuzmin","Clust_3"
"KX148153","96097POL","Poland","","Raccoon dog","Nyctereutes procyonoides",1996,"Cosmopolitan","NEE","Original brain","This study","Complete genome","Kuzmin","Clust_3"
"KX148152","96142POL","Poland","","Raccoon dog","Nyctereutes procyonoides",1996,"Cosmopolitan","NEE","Original brain","This study","Complete genome","Kuzmin","Clust_3"
"KX148154","97078POL","Poland","","Raccoon dog","Nyctereutes procyonoides",1997,"Cosmopolitan","NEE","Cosmopolitan  NEE","This study","Complete genome","Kuzmin","Clust_3"
"AY352474","RV1596","Russia","Pskov","Red fox","Vulpes vulpes",1987,"Cosmopolitan","NEE","Mouse","[5]","N","Troupin","Clust_3"
"KF154997","RV437","Estonia","","Raccoon dog","Nyctereutes procyonoides",NA,"Cosmopolitan","NEE","Mouse","","Complete genome","Kuzmin","Clust_3"
"JQ685984","A10-3020","TX","","Gray Fox","Urocyon cinereoargenteus",2008,"Cosmopolitan","TXFX","Original brain","Troupin","G","Troupin","Clust_27"
"JQ685995","Fox-8007","TX","","Gray Fox","Urocyon cinereoargenteus",2008,"Cosmopolitan","TXFX","Original brain","Troupin","G","Troupin","Clust_27"
"JQ685943","A10-0511","USA","AZ/Flagstaff","Gray Fox","Urocyon cinereoargenteus",2009,"Cosmopolitan","AM2b","Original brain","This study","Complete genome","Troupin","Clust_26"
"JQ685899","A10-0515","USA","AZ/Flagstaff","Gray Fox","Urocyon cinereoargenteus",2009,"Cosmopolitan","Ungrouped","Original brain","This study","Complete genome","Troupin","Clust_26"
"JQ685894","CA982","USA","CA","Striped skunk","Mephitis mephitis",1994,"Cosmopolitan","Ungrouped","Original brain","This study","Complete genome","Troupin","Clust_32"
"JQ685970","CASK2","USA","CA","Striped skunk","Mephitis mephitis",1974,"Cosmopolitan","AM4","Original brain","Troupin","Complete genome","Troupin","Clust_31"
"JQ685975","MEXSK3636","Mexico","","Spotted skunk","Spilogale putorius",2009,"Cosmopolitan","Ungrouped","Mouse","Troupin","Complete genome","Troupin","Clust_27"
"NC_001542","PV_RefSeq",NA,"","Vaccine strain","Vaccine strain",NA,"Cosmopolitan","Vac",NA,"This study","Complete genome","Kuzmin","Clust_18"
"M31046","SAD B19",NA,"","Vaccine strain","Vaccine strain",NA,"Cosmopolitan","Vac",NA,"This study","Complete genome","Kuzmin","Clust_18"
"KX148133","86111YOU","Bosnia and Herzegovina","","Red fox","Vulpes vulpes",1986,"Cosmopolitan","WE","Mouse","This study","Complete genome","Kuzmin","Clust_9"
"U42706","86111YOU","Yugoslavia","","Red fox","Vulpes vulpes",1986,"Cosmopolitan","WE","","[6]","N","Troupin","Clust_9"
"KX148127","91047FRA","France","","Red fox","Vulpes vulpes",1991,"Cosmopolitan","WE","Original brain","This study","Complete genome","Kuzmin","Clust_9"
"EU293115","9147FRA","France","","Red fox","Vulpes vulpes",1991,"Cosmopolitan","WE","","[3]","Complete genome","Troupin","Clust_9"
"KX148135","92001GER","Germany","","Red fox","Vulpes vulpes",1991,"Cosmopolitan","WE","Original brain","This study","Complete genome","Kuzmin","Clust_9"
"KX148128","92044FRA","France","","Red fox","Vulpes vulpes",1992,"Cosmopolitan","WE","Original brain","This study","Complete genome","Kuzmin","Clust_9"
"KX148134","94029FRA","France","","Red fox","Vulpes vulpes",1994,"Cosmopolitan","WE","Original brain","This study","Complete genome","Kuzmin","Clust_9"
"KX148125","94033BEL","Belgium","","Red fox","Vulpes vulpes",1994,"Cosmopolitan","WE","Original brain","This study","Complete genome","Kuzmin","Clust_9"
"KX148131","94086SLN","Slovenia","","Red fox","Vulpes vulpes",1994,"Cosmopolitan","WE","Original brain","This study","Complete genome","Kuzmin","Clust_9"
"KX148129","94091SLN","Slovenia","","Red fox","Vulpes vulpes",1994,"Cosmopolitan","WE","Original brain","This study","Complete genome","Kuzmin","Clust_9"
"KX148132","94094SLN","Slovenia","","Red fox","Vulpes vulpes",1994,"Cosmopolitan","WE","Original brain","This study","Complete genome","Kuzmin","Clust_9"
"KX148130","94096SLN","Slovenia","","Red fox","Vulpes vulpes",1994,"Cosmopolitan","WE","Original brain","This study","Complete genome","Kuzmin","Clust_9"
"KX148133","94096SLN","Slovenia","","Red fox","Vulpes vulpes",1994,"Cosmopolitan","WE","Original brain","This study","Complete genome","Kuzmin","Clust_9"
"KX148126","96002FRA","France","","Red fox","Vulpes vulpes",1996,"Cosmopolitan","WE","Original brain","This study","Complete genome","Kuzmin","Clust_9"
"AF369272","V034.RFX","Switzerland","","Red fox","Vulpes vulpes",1987,"Cosmopolitan","WE","","[18]","P","Troupin","Clust_9"
"AF369273","V285.RFX","Check Republic","","Red fox","Vulpes vulpes",1992,"Cosmopolitan","WE","","[18]","P","Troupin","Clust_9"
"KX148245","09029NEP","Nepal","","Buffalo","Und.",2009,"Indian-Sub","","Original brain","This study","Complete genome","Kuzmin","Clust_49"
"KX148108","11001NEP","Nepal","","Cow","Bos taurus",2011,"Indian-Sub","","Original brain","This study","Complete genome","Kuzmin","Clust_49"
"KX148246","97002IND","India","","Human","Homo sapiens",1997,"Indian-Sub","","Original brain","This study","Complete genome","Kuzmin","Clust_56"
"AB635373","H_1413_09","Sri Lanka","","Golden palm civet","Paradoxurus zeylonensis",2009,"Indian-Sub","","Original brain","","Complete genome","Kuzmin","Clust_55"
"AF369309","I15.DG","India","","Dog","Canis familiaris",1995,"Indian-Sub","","","[18]","P","Troupin","Clust_56"
"AF325489","NEP1-DG","Nepal","","Dog","Canis familiaris",1989,"Indian-Sub","","","[19]","G","Troupin","Clust_49"
"KF154999","RV2417","Sri Lanka","","Dog","Canis familiaris",2008,"Indian-Sub","","Original brain","","Complete genome","Kuzmin","Clust_55"
"JQ685992","SL-cow","Sri Lanka","","Cow","Bos taurus",NA,"Indian-Sub","","Original brain","Troupin","G","Troupin","Clust_55"
"AF369320","V113.DG","Sri Lanka","","Dog","Canis familiaris",1986,"Indian-Sub","","","[18]","P","Troupin","Clust_55"
"AF369321","V118.DG","Sri Lanka","","Dog","Canis familiaris",1986,"Indian-Sub","","","[18]","P","Troupin","Clust_55"
"AB041966","","Sri Lanka","","Dog","Canis familiaris",1996,"Indian-Sub","","","[8]","N","Troupin","Clust_55"
"AY138549","","Sri Lanka","","Dog","Canis familiaris",1986,"Indian-Sub","","","[9]","N","Troupin","Clust_55"
"JQ685929","MEXSK3644","Mexico","","Spotted skunk","Spilogale putorius",2009,"RAC-SK","","Mouse","This study","Complete genome","Troupin","Clust_59"
"JQ685994","A09-0103","AL","","Coyote","Canis latrans",2009,"RAC-SK","","Original brain","Troupin","G","Troupin","Clust_63"
"AF369294","FL.RAC","USA","FL","Raccoon","Procyon lotor",1987,"RAC-SK","","","[18]","P","Troupin","Clust_63"
"AF369293","NY.RAC","USA","NY","Raccoon","Procyon lotor",1992,"RAC-SK","","","[18]","P","Troupin","Clust_63"
"JQ685954","MXSK13938","Mexico","","Spotted skunk","Spilogale putorius",2007,"RAC-SK","","Mouse","This study","Complete genome","Troupin","Clust_59"
"JQ685901","RAC","USA","GA","Raccoon","Procyon lotor",2003,"RAC-SK","","Mouse","This study","Complete genome","Troupin","Clust_63"
"EU311738","RRV_ON_99","Canada","ON","Raccoon","Procyon lotor",1999,"RAC-SK","","Original brain","[4]","Complete genome","Troupin","Clust_63"
"JQ685968","A10-0512","USA","AZ/Flagstaff","Striped skunk","Mephitis mephitis",2009,"RAC-SK","","Original brain","Troupin","Complete genome","Troupin","Clust_64"
"JQ685938","A10-0514","USA","AZ/Flagstaff","Striped skunk","Mephitis mephitis",2009,"RAC-SK","","Original brain","This study","Complete genome","Troupin","Clust_64"
"JQ685986","A10-3013","TX","","Striped skunk","Mephitis mephitis",2009,"RAC-SK","","Original brain","Troupin","G","Troupin","Clust_64"
"JQ685993","A08-0500","CO","","Cat","Felis catus",2008,"RAC-SK","","Original brain","Troupin","G","Troupin","Clust_64"
"JQ685991","A09-0255","OK","","Wolf","Canis lupus",2009,"RAC-SK","","Original brain","Troupin","G","Troupin","Clust_64"
"AF369287","V211.SK","USA","TX","Striped skunk","Mephitis mephitis",1994,"RAC-SK","","","[18]","P","Troupin","Clust_64"
"AF369291","V216.SK","USA","TX","Striped skunk","Mephitis mephitis",1994,"RAC-SK","","","[18]","P","Troupin","Clust_64"
"JQ686008","A11-5404","USA","AZ","Gray Fox","Urocyon cinereoargenteus",2011,"Ungrouped","Ungrouped","Original brain","Troupin","G","Troupin","Clust_79"
"JQ685955","AZ4490","USA","AZ","Yuma myotis","Myotis yumanensis",2005,"Bats","MYu","N-P-M-G - original brain; L and termini - mouse","Troupin","Complete genome","Troupin","Clust_79"
